route_id,agency_id,route_short_name,route_long_name,route_desc,route_type
13-20-j26-2,,20,Nürnberg Am Wegfeld - Boxdorf - Erlangen Tennenlohe - Arcaden - Hugenottenplatz,Stadtbus,3
13-21-j26-1,,21,Ziegelstein Süd - Buchenbühl - Ziegelstein Süd,Stadtbus,3
13-30-j26-2,,30,Nürnberg Nordostbahnhof - Flughafen - Am Wegfeld - Erlangen Arcaden - Hauptbahnhof - Hugenottenplatz,Stadtbus,3
13-31-j26-1,,31,Herrnhütte - Am Wegfeld - Neunhof - Großgründlach,Stadtbus,3
13-32-j26-2,,32,Herrnhütte - Sieboldstraße Schleife,Stadtbus,3
13-34-j26-1,,34,Plärrer - St. Johannisfriedhof - Klinikum Nord - Friedrich-Ebert-Platz,Stadtbus,3
13-35-j26-1,,35,Röthenbach - Maximilianstraße - Nordwestring - Nordostbahnhof,Stadtbus,3
13-36-j26-5,,36,Plärrer - Rathaus - Rathenauplatz - Doku-Zentrum,Stadtbus,3
13-37-j26-1,,37,Rathaus - Stadtgrenze - Fürth Hauptbahnhof,Stadtbus,3
13-38-j26-1,,38,Virnsberger Straße Wende - Maximilianstraße - Stadtgrenze,Stadtbus,3
13-39-j26-1,,39,Fürth Hauptbahnhof - Nürnberg Nordwestring - Maximilianstr.,Stadtbus,3
13-40-j26-2,,40,Heinemannbrücke - Laufamholz - Schwaig  bzw. Behringersdorf Schwaig Am Bahnhof - Max-Reger-Straße bzw. Behringersdorf,Stadtbus,3
13-43-j26-2,,43,Hauptbahnhof - Zerzabelshof  - Passauer Straße,Stadtbus,3
13-44-j26-2,,44,Hauptbahnhof - Zerzabelshof Mitte - Klinikum Süd - Langwasser Mitte,Stadtbus,3
13-45-j26-2,,45,Frankenstraße - Wodanstr. - Mögeldorf - Nordostbahnhof - Ziegelstein,Stadtbus,3
13-46-j26-1,,46,Rathaus - Nordostbahnhof - Martha-Maria-Krankenhaus,Stadtbus,3
13-47-j26-1,,47,Rathaus - Kilianstraße - Forchheimer Straße,Stadtbus,3
13-49-j26-1,,49,Nordostbahnhof - Martha-Maria-Krankenhaus,Stadtbus,3
13-50-j26-1,,50,Langwasser Mitte - Gewerbepark Nbg./Feucht - Feucht Bahnhof - Am Reichswald,Stadtbus,3
13-51-j26-2,,51,Frankenstraße - Herpersdorf - Kornburg - Kleinschwarzenlohe Nord,Stadtbus,3
13-52-j26-1,,52,Langwasser Mitte - Worzeldorf - Herpersdorf - Katzwang,Stadtbus,3
13-53-j26-2,,53,Luitpoldhain - Meistersingerhalle - Bauernfeindstraße - Worzeldorf - Kornburg - Schwand,Stadtbus,3
13-54-j26-1,,54,Langwasser Süd - Altenfurt - Fischbach - Brunn,Stadtbus,3
13-55-j26-4,,55,Max-Grundig-Platz - (Meistersingerhalle) - Langwasser Mitte,Stadtbus,3
13-56-j26-1,,56,Langwasser Mitte - Klinikum Süd - Fischbach - Flachsröste,Stadtbus,3
13-57-j26-1,,57,Langwasser Mitte - Moorenbrunn - Altenfurt - Fischbach Bahnhof,Stadtbus,3
13-58-j26-1,,58,Frankenstraße - Dianaplatz - Werderau / Wacholderweg,Stadtbus,3
13-59-j26-1,,59,Langwasser Süd - Altenfurt - Fischbach - Birnthon,Stadtbus,3
13-60-j26-1,,60,Röthenbach - Schulzentrum Südwest - Wertachstr. - Bremer Straße Wende,Stadtbus,3
13-61-j26-3,,61,Nürnberg Röthenbach - Reichelsdorf - Holzheim - Schwabach Wolkersdorf - Bahnhof bzw. W.- v.- Eschenbach-Gymnasium,Stadtbus,3
13-62-j26-2,,62,Röthenbach - Koppenhof - Reichelsdorf - Katzwang - Kornburg,Stadtbus,3
13-65-j26-1,,65,Röthenbach - Frankenstraße - Ostring - Nordostbahnhof,Stadtbus,3
13-66-j26-1,,66,Röthenbach - Eibach Bahnhof - Pillenreuth,Stadtbus,3
13-67-j26-1,,67,Nürnberg Frankenstr. - Röthenbach - Fürth Süd - Fürth Hauptbahnhof,Stadtbus,3
13-68-j26-2,,68,Gustav-Adolf-Straße - Dianaplatz - Finkenbrunn - Langwasser Mitte,Stadtbus,3
13-69-j26-1,,69,Gustav-Adolf-Straße - Südwestpark - Röthenbach,Stadtbus,3
13-70-j26-3,,70,Nürnberg Gustav-Adolf-Straße - Fürth Süd - Zirndorf Kneippallee,Stadtbus,3
13-71-j26-2,,71,Nürnberg Gustav-Adolf-Straße - Fürth Süd - Oberasbach Linder Siedlung,Stadtbus,3
13-72-j26-2,,72,Nürnberg Gustav-Adolf-Straße - Fürth Süd - Zirndorf Realschule,Stadtbus,3
13-73-j26-4,,73,Gustav-Adolf-Straße - Kleinreuth b. Schweinau - Stadtgrenze,Stadtbus,3
13-82-j26-3,,82,Koppenhof Wende - Krottenbach - Reichelsdorf Bahnhof,Stadtbus,3
13-83-j26-2,,83,Katzwang - Wolkersdorf - Dietersdorf - Reichelsdorf - Koppenhof,Stadtbus,3
13-84-j26-1,,84,Plärrer - Dr. Erler Kliniken,Stadtbus,3
13-89-j26-2,,89,Frankenstraße - Kornburg - Wendelstein Gymnasium,Stadtbus,3
13-91-j26-2,,91,Schulzentrum Südwest - Weiherhaus - Kornburg,Stadtbus,3
13-92-j26-1,,92,Meistersingerhalle - Langwasser Mitte - Katzwang Süd Wende,Stadtbus,3
13-93-j26-2,,93,Meistersingerhalle - Langwasser Mitte - Kornburg,Stadtbus,3
13-94-j26-2,,94,Zerzabelshof Mitte bzw. Sportanlage FCN - Rathenauplatz - Rathaus,Stadtbus,3
13-95-j26-1,,95,Mögeldorf - Schoppershof - Nordostbahnhof,Stadtbus,3
13-96-j26-4,,96,Meistersingerhalle - Moorenbrunn - Altenfurt - Birnthon,Stadtbus,3
13-97-j26-1,,97,Nordwestring - Wetzendorf - Berufsförderungswerk - Forchheimer Str.,Stadtbus,3
13-98-j26-1,,98,Röthenbach - Schulzentrum Südwest - Finkenbrunn - Langwasser Mitte,Stadtbus,3
13-99-j26-1,,99,Höfles West - Am Wegfeld - Buch Süd,Stadtbus,3
