stop_id,stop_name,stop_lat,stop_lon,location_type,parent_station
de:09562:3110:3:A,Erlangen HBF,49.59604125,11.00264645,,Parentde:09562:3110
de:09562:3110:3:C,Erlangen HBF,49.59596556,11.00310459,,Parentde:09562:3110
de:09562:3151:0:2,Erlangen Arcaden,49.59388683,11.00358070,,Parentde:09562:3151
de:09562:3151:0:3,Erlangen Arcaden,49.59403823,11.00429935,,Parentde:09562:3151
de:09562:3151:0:4,Erlangen Arcaden,49.59414304,11.00447901,,Parentde:09562:3151
de:09562:3151:0:42,Erlangen Arcaden,49.59417215,11.00412867,,Parentde:09562:3151
de:09562:3151:0:7,Erlangen Arcaden,49.59431190,11.00322137,,Parentde:09562:3151
de:09562:3152:0:41,Erlangen Neuer Markt / Rathaus,49.59035221,11.00262848,,Parentde:09562:3152
de:09562:3153:0:1,Erlangen Langemarckplatz,49.59399164,11.01024620,,Parentde:09562:3153
de:09562:3153:0:2,Erlangen Langemarckplatz,49.59418962,11.01080315,,Parentde:09562:3153
de:09562:3156:0:1,Erlangen Stubenlohstr.,49.59424203,11.01530371,,Parentde:09562:3156
de:09562:3156:0:2,Erlangen Stubenlohstr.,49.59432937,11.01536659,,Parentde:09562:3156
de:09562:3171:0:1,Erlangen Hugenottenpl.,49.59636150,11.00420054,,Parentde:09562:3171
de:09562:3353:0:1,Erlangen Schellingstr./MVC,49.59386354,11.02019055,,
de:09562:3353:0:2,Erlangen Schellingstr./MVC,49.59410810,11.01938206,,
de:09562:3366:0:3,Erlangen Technische Fakultät,49.57516265,11.03059304,,Parentde:09562:3366
de:09562:3366:0:4,Erlangen Technische Fakultät,49.57504032,11.03044931,,Parentde:09562:3366
de:09562:3367:0:2,Erlangen Sebaldussiedlung,49.57960119,11.02643384,,
de:09562:3367:0:3,Erlangen Sebaldussiedlung,49.57942645,11.02655960,,
de:09562:3368:0:1,Erlangen Fridericianum,49.58175042,11.02412517,,
de:09562:3368:0:2,Erlangen Fridericianum,49.58179119,11.02466416,,
de:09562:3371:0:1,Erlangen Röthelheimbad Ost,49.58303176,11.02039716,,
de:09562:3371:0:2,Erlangen Röthelheimbad Ost,49.58224549,11.02046004,,
de:09562:3373:0:1,Erlangen Schenkstr.,49.58690469,11.02087327,,
de:09562:3373:0:2,Erlangen Schenkstr.,49.58645626,11.02100801,,
de:09562:3377:0:3,Erlangen Hofmannstraße,49.59162168,11.02192430,,Parentde:09562:3377
de:09562:3377:0:4,Erlangen Hofmannstraße,49.59176725,11.02178955,,Parentde:09562:3377
de:09562:3473:0:1,Erlangen Süd,49.57257040,11.02306516,,
de:09562:3473:0:2,Erlangen Süd,49.57222670,11.02292143,,
de:09562:3474:0:1,Erlangen Gebbertstr.,49.57790621,11.01507015,,Parentde:09562:3474
de:09562:3474:0:2,Erlangen Gebbertstr.,49.57808095,11.01445930,,Parentde:09562:3474
de:09562:3475:0:1,Erlangen Stintzingstr.,49.58187273,11.01087502,,Parentde:09562:3475
de:09562:3475:0:2,Erlangen Stintzingstr.,49.58088841,11.01148587,,Parentde:09562:3475
de:09562:3479:0:1,Erlangen Ohmplatz,49.58487217,11.00847652,,
de:09562:3479:0:2,Erlangen Ohmplatz,49.58479645,11.00825194,,
de:09562:3480:0:1,Erlangen Werner-v-Siemens-Str.,49.58777242,11.00745244,,Parentde:09562:3480
de:09562:3480:0:2,Erlangen Werner-v-Siemens-Str.,49.58820336,11.00703023,,Parentde:09562:3480
de:09562:3559:0:1,Tennenl. Walderlebnisz.,49.55415273,11.03158119,,
de:09562:3559:0:2,Tennenl. Walderlebnisz.,49.55419352,11.03168000,,
de:09562:3560:0:1,Tennenlohe Skulpturenpark,49.55266666,11.03104220,,Parentde:09562:3560
de:09562:3560:0:2,Tennenlohe Skulpturenpark,49.55248017,11.03081762,,Parentde:09562:3560
de:09562:3561:0:1,Tennenlohe Kirche,49.54977015,11.03042236,,
de:09562:3561:0:2,Tennenlohe Kirche,49.54964776,11.03022473,,
de:09562:3562:0:1,Tennenlohe Wetterkreuz,49.54473437,11.03033253,,
de:09562:3562:0:2,Tennenlohe Wetterkreuz,49.54545713,11.03051219,,
de:09563:1299:0:1,Fürth Hans-Böckler-Str.,49.47199570,11.02021750,,Parentde:09563:1299
de:09563:1299:0:2,Fürth Hans-Böckler-Str.,49.47204240,11.02082835,,Parentde:09563:1299
de:09563:1299:0:3,Fürth Hans-Böckler-Str.,49.47264949,11.01994800,,Parentde:09563:1299
de:09563:2110:3:12,Fürth Hauptbahnhof,49.47096247,10.99077072,,Parentde:09563:2110
de:09563:2110:3:A,Fürth Hauptbahnhof,49.47085739,10.99033055,,Parentde:09563:2110
de:09563:2110:3:B,Fürth Hauptbahnhof,49.47066475,10.99122886,,Parentde:09563:2110
de:09563:2110:3:D,Fürth Hauptbahnhof,49.47058303,10.98978257,,Parentde:09563:2110
de:09563:2152:0:1,Fürth Fürther Freiheit,49.47190814,10.99219904,,Parentde:09563:2152
de:09563:2152:0:2,Fürth Fürther Freiheit,49.47196652,10.99199243,,Parentde:09563:2152
de:09563:2154:0:1,Fürth Maxstr. Süd,49.47102084,10.98816561,,
de:09563:2155:0:3,Fürth Maxstr.,49.47160460,10.98768950,,
de:09563:2164:53:A,Fürth Rathaus,49.47777442,10.98869561,,Parentde:09563:2164
de:09563:2164:53:B,Fürth Rathaus,49.47788532,10.98893816,,Parentde:09563:2164
de:09563:2165:0:2,Fürth Stadttheater,49.47490850,10.99187565,,
de:09563:2165:0:3,Fürth Stadttheater,49.47527623,10.99193853,,
de:09563:2168:0:1,Fürth Kurgartenstr.,49.46782760,11.01320165,,Parentde:09563:2168
de:09563:2168:0:2,Fürth Kurgartenstr.,49.46810198,11.01365980,,Parentde:09563:2168
de:09563:2171:3:7,Fürth Jakobinenstr.,49.46802609,11.00182898,,Parentde:09563:2171
de:09563:2171:3:8,Fürth Jakobinenstr.,49.46910025,11.00229611,,Parentde:09563:2171
de:09563:2175:0:1,Fürth Cineplex,49.46971905,10.99381601,,
de:09563:2176:0:1,Fürth Kirchenstr.,49.47169216,10.99520840,,
de:09563:2177:0:1,Fürth Luisenstr.,49.47047795,10.99853217,,
de:09563:2177:0:2,Fürth Luisenstr.,49.46909442,10.99646604,,
de:09563:2179:0:1,Fürth Finkenstr.,49.46785679,11.00570970,,
de:09563:2179:0:2,Fürth Finkenstr.,49.46740143,11.00516173,,
de:09563:2250:0:1,Fürth Amalienstr.,49.46874999,10.98664745,,
de:09563:2250:0:2,Fürth Amalienstr.,49.46806696,10.98618033,,
de:09563:2260:0:1,Fürth Holzstr.,49.46529388,10.98586592,,Parentde:09563:2260
de:09563:2260:0:2,Fürth Holzstr.,49.46441814,10.98582999,,Parentde:09563:2260
de:09563:2261:0:1,Fürth Kaiserstr.,49.46217616,10.98693492,,Parentde:09563:2261
de:09563:2261:0:2,Fürth Kaiserstr.,49.46200685,10.98670135,,Parentde:09563:2261
de:09563:2262:0:1,Fürth Flößaustr.,49.45961879,10.98803086,,
de:09563:2262:0:2,Fürth Flößaustr.,49.46002751,10.98757272,,
de:09563:2266:0:1,Fürth Saarburger Str.,49.45509927,10.98903697,,
de:09563:2266:0:2,Fürth Saarburger Str.,49.45482482,10.98873155,,
de:09563:2267:0:1,Weikershof,49.44607066,10.99083360,,
de:09563:2267:0:2,Weikershof,49.44541068,10.99056411,,
de:09563:2268:0:1,Fürth Süd,49.43720980,10.99474128,,Parentde:09563:2268
de:09563:2268:0:2,Fürth Süd,49.43699366,10.99446280,,Parentde:09563:2268
de:09563:2268:0:3,Fürth Süd,49.43735584,10.99360041,,Parentde:09563:2268
de:09563:2268:0:4,Fürth Süd,49.43750187,10.99513653,,Parentde:09563:2268
de:09563:2269:0:1,Weikershof Süd,49.44091905,10.99250447,,
de:09563:2269:0:2,Weikershof Süd,49.44086064,10.99219904,,
de:09563:2270:0:1,Fürth Benno-Strauß-Str.,49.44920692,10.99017783,,
de:09563:2270:0:2,Fürth Benno-Strauß-Str.,49.44859954,10.98996224,,
de:09563:2449:0:1,Poppenreuth Weigmannstr.,49.47441234,11.01724407,,
de:09563:2449:0:2,Poppenreuth Weigmannstr.,49.47486180,11.01692068,,
de:09563:2454:0:3,Poppenreuth K.-Bröger-Str.,49.47689890,11.01406404,,Parentde:09563:2454
de:09563:2454:0:4,Poppenreuth K.-Bröger-Str.,49.47693976,11.01290521,,Parentde:09563:2454
de:09563:2455:0:1,Fürth Schilfweg,49.47559727,11.00850347,,
de:09563:2455:0:2,Fürth Schilfweg,49.47591246,11.00823397,,
de:09563:2456:0:1,Fürth Wiesenstr.,49.47740670,11.00434427,,
de:09563:2456:0:2,Fürth Wiesenstr.,49.47765185,11.00422748,,
de:09563:2457:0:1,Fürth Am Kavierlein,49.47934448,11.00064321,,
de:09563:2457:0:2,Fürth Am Kavierlein,49.47947288,11.00077795,,
de:09563:2458:0:1,Fürth Poppenreuther Str.,49.48044174,10.99749012,,
de:09563:2458:0:2,Fürth Poppenreuther Str.,49.48045341,10.99690622,,
de:09564:1101:3:10,Fürth Stadtgrenze,49.46595943,11.01064146,,Parentde:09564:1101
de:09564:1101:3:11,Fürth Stadtgrenze,49.46611706,11.01081214,,Parentde:09564:1101
de:09564:1101:3:6,Fürth Stadtgrenze,49.46518295,11.01209673,,Parentde:09564:1101
de:09564:1101:3:7,Fürth Stadtgrenze,49.46579012,11.01195300,,Parentde:09564:1101
de:09564:1151:0:1,Nürnberg Richard-Wagner-Str.,49.46291766,11.01085705,,Parentde:09564:1151
de:09564:1151:0:2,Nürnberg Richard-Wagner-Str.,49.46371753,11.01132418,,Parentde:09564:1151
de:09564:1152:0:1,Nürnberg Karl-Martell-Str.,49.45859697,11.01043484,,Parentde:09564:1152
de:09564:1152:0:2,Nürnberg Karl-Martell-Str.,49.45853858,11.01060552,,Parentde:09564:1152
de:09564:1153:0:1,Nürnberg Schieräckerstr.,49.45706129,11.00984196,,Parentde:09564:1153
de:09564:1153:0:2,Nürnberg Schieräckerstr.,49.45699121,11.00999467,,Parentde:09564:1153
de:09564:1154:0:1,Nürnberg Oststr.,49.45406568,11.00958144,,
de:09564:1154:0:2,Nürnberg Oststr.,49.45445109,11.00933890,,
de:09564:1155:0:1,Nürnberg Leyh Kirche,49.45355763,11.01652542,,Parentde:09564:1155
de:09564:1155:0:2,Nürnberg Leyh Kirche,49.45338245,11.01550134,,Parentde:09564:1155
de:09564:1155:0:3,Nürnberg Leyh Kirche,49.45381458,11.01551931,,Parentde:09564:1155
de:09564:1156:0:1,Nürnberg Großmarkt,49.45293279,11.02286753,,
de:09564:1156:0:2,Nürnberg Großmarkt,49.45338245,11.02188836,,
de:09564:1157:0:1,Nürnberg Tuchenbacher Str.,49.45112829,11.02726927,,
de:09564:1157:0:2,Nürnberg Tuchenbacher Str.,49.45161300,11.02673927,,
de:09564:1158:0:1,Nürnberg Scheinfelder Str.,49.45005957,11.02993727,,Parentde:09564:1158
de:09564:1158:0:2,Nürnberg Scheinfelder Str.,49.45042166,11.02954201,,Parentde:09564:1158
de:09564:1159:0:1,Nürnberg Lenkersheimer Str.,49.44951061,11.01278843,,
de:09564:1159:0:2,Nürnberg Lenkersheimer Str.,49.44911348,11.01218656,,
de:09564:1160:0:1,Nürnberg Virnsberger Str.,49.44607650,11.00891669,,Parentde:09564:1160
de:09564:1160:0:2,Nürnberg Virnsberger Str.,49.44574943,11.00795549,,Parentde:09564:1160
de:09564:1160:0:42,Nürnberg Virnsberger Str.,49.44565598,11.00870109,,Parentde:09564:1160
de:09564:1161:0:1,Nürnberg Virnsberg.Str. Wende,49.44573775,11.00898856,,
de:09564:1162:0:1,Nürnberg Äußere Buttendorfer Str.,49.44253702,11.00517072,,
de:09564:1162:0:2,Nürnberg Äußere Buttendorfer Str.,49.44241436,11.00532343,,
de:09564:1163:0:3,Nürnberg Rothenb./Sigmundstr.,49.44046929,11.00499105,,Parentde:09564:1163
de:09564:1163:0:4,Nürnberg Rothenb./Sigmundstr.,49.44039919,11.00473054,,Parentde:09564:1163
de:09564:1164:0:1,Nürnberg Diebacher Straße,49.43842483,11.00085880,,
de:09564:1164:0:2,Nürnberg Diebacher Straße,49.43820285,11.00126304,,
de:09564:1166:0:41,Nürnberg Clarsbacher Str.,49.44161414,11.01560016,,Parentde:09564:1166
de:09564:1166:0:42,Nürnberg Clarsbacher Str.,49.44189451,11.01533964,,Parentde:09564:1166
de:09564:1167:0:1,Nürnberg Lehrberger Str.,49.44143891,11.02315499,,
de:09564:1167:0:2,Nürnberg Lehrberger Str.,49.44129289,11.02404432,,
de:09564:1168:0:1,Nürnberg Züricher Str.,49.44159662,11.02658655,,
de:09564:1168:0:2,Nürnberg Züricher Str.,49.44152653,11.02777233,,
de:09564:1169:0:1,Nürnberg Haeselerstr.,49.44152069,11.03164407,,
de:09564:1169:0:2,Nürnberg Haeselerstr.,49.44088985,11.03393477,,
de:09564:1170:0:1,Nürnberg Herderstr.,49.46980078,11.01738780,,Parentde:09564:1170
de:09564:1170:0:2,Nürnberg Herderstr.,49.47019774,11.01808849,,Parentde:09564:1170
de:09564:1171:0:1,Nürnberg Rothenburger/V.d.Tann-Str.,49.44056859,11.03608174,,Parentde:09564:1171
de:09564:1171:0:2,Nürnberg Rothenburger/V.d.Tann-Str.,49.44058027,11.03569547,,Parentde:09564:1171
de:09564:1171:0:3,Nürnberg Rothenburger/V.d.Tann-Str.,49.44107677,11.03476122,,Parentde:09564:1171
de:09564:1172:0:1,Nürnberg Flachslander Str.,49.44433600,11.01235724,,
de:09564:1173:0:1,Nürnberg Regelsbacher Str.,49.44116438,11.01991207,,
de:09564:1173:0:2,Nürnberg Regelsbacher Str.,49.44093074,11.02060377,,
de:09564:1209:0:1,Nürnberg Spessartstr.,49.52386879,11.01419878,,
de:09564:1209:0:2,Nürnberg Spessartstr.,49.52382214,11.01409997,,
de:09564:1241:0:1,Nürnberg Binzenweg,49.51870787,11.04610694,,
de:09564:1241:0:2,Nürnberg Binzenweg,49.51848626,11.04593626,,
de:09564:1242:0:1,Nürnberg Neunhof Schule,49.51634591,11.03674650,,
de:09564:1242:0:2,Nürnberg Neunhof Schule,49.51626426,11.03689921,,
de:09564:1244:0:1,Nürnberg Am Weiher,49.51829964,11.02506840,,
de:09564:1244:0:2,Nürnberg Am Weiher,49.51815967,11.02497857,,
de:09564:1246:0:1,Nürnberg Sonntagsweg,49.49222406,11.06327375,,
de:09564:1246:0:2,Nürnberg Sonntagsweg,49.49219488,11.06299527,,
de:09564:1248:0:1,Nürnberg Dorffeldstr.,49.48594517,11.07272403,,Parentde:09564:1248
de:09564:1248:0:2,Nürnberg Dorffeldstr.,49.48596852,11.07248148,,Parentde:09564:1248
de:09564:1249:0:1,Nürnberg Bienweg,49.46489688,11.04703221,,
de:09564:1249:0:2,Nürnberg Bienweg,49.46456409,11.04749933,,
de:09564:1250:0:1,Nürnberg Kranichstr.,49.47125435,11.02361313,,
de:09564:1250:0:2,Nürnberg Kranichstr.,49.47085156,11.02421500,,
de:09564:1251:0:1,Nürnberg Schniegling,49.46963733,11.02874251,,Parentde:09564:1251
de:09564:1251:0:2,Nürnberg Schniegling,49.46927539,11.02885031,,Parentde:09564:1251
de:09564:1251:0:3,Nürnberg Schniegling,49.46966652,11.02815860,,Parentde:09564:1251
de:09564:1252:0:1,Nürnberg Frauentaler Weg,49.46898350,11.03114101,,
de:09564:1252:0:2,Nürnberg Frauentaler Weg,49.46889009,11.03088050,,
de:09564:1253:0:1,Nürnberg Brettergartenstr.,49.46776922,11.03452766,,
de:09564:1253:0:2,Nürnberg Brettergartenstr.,49.46801442,11.03353951,,
de:09564:1254:0:1,Nürnberg Krematorium,49.46643232,11.04088773,,
de:09564:1254:0:2,Nürnberg Krematorium,49.46620463,11.04139977,,
de:09564:1256:0:1,Nürnberg Kriegsopfersiedlung,49.47391034,11.03164407,,Parentde:09564:1256
de:09564:1257:0:1,Nürnberg Wetzendorf West,49.47116678,11.03730345,,Parentde:09564:1257
de:09564:1257:0:2,Nürnberg Wetzendorf West,49.47107338,11.03715972,,Parentde:09564:1257
de:09564:1258:0:1,Nürnberg Wetzendorf Ost,49.46940966,11.04368149,,
de:09564:1258:0:2,Nürnberg Wetzendorf Ost,49.46929874,11.04365454,,
de:09564:1259:0:1,Nürnberg Dortmunder Str.,49.46742478,11.04908935,,
de:09564:1259:0:2,Nürnberg Dortmunder Str.,49.46717959,11.04952054,,
de:09564:1260:3:1,Nürnberg Großgründlach Nord,49.53108151,11.01860951,,Parentde:09564:1260
de:09564:1261:0:1,Nürnberg Hansengarten,49.52678433,11.01981325,,
de:09564:1262:0:1,Nürnberg Quellweg,49.52714001,11.01399217,,
de:09564:1263:0:1,Nürnberg Großgründlach Mitte,49.52719249,11.01122536,,Parentde:09564:1263
de:09564:1263:0:2,Nürnberg Großgründlach Mitte,49.52710503,11.01098282,,Parentde:09564:1263
de:09564:1264:0:1,Nürnberg Großgründlach Schule,49.53040518,11.01379454,,
de:09564:1265:0:2,Nürnberg Großgründl. Hauptstr.,49.52902334,11.01096485,,
de:09564:1270:0:1,Nürnberg Erich-Ollenhauer-Str.,49.51642173,11.02557146,,
de:09564:1270:0:3,Nürnberg Erich-Ollenhauer-Str.,49.51656753,11.02485280,,
de:09564:1271:0:1,Nürnberg Boxdorf,49.51443876,11.03373714,,Parentde:09564:1271
de:09564:1271:0:2,Nürnberg Boxdorf,49.51525529,11.03323409,,Parentde:09564:1271
de:09564:1271:0:3,Nürnberg Boxdorf,49.51446209,11.03212017,,Parentde:09564:1271
de:09564:1271:0:4,Nürnberg Boxdorf,49.51420547,11.03275798,,Parentde:09564:1271
de:09564:1273:0:1,Nürnberg Boxdorf Nord,49.52347227,11.03279391,,
de:09564:1273:0:2,Nürnberg Boxdorf Nord,49.52294745,11.03255137,,
de:09564:1274:0:1,Nürnberg Moosäckerstr.,49.51866705,11.03398867,,
de:09564:1274:0:2,Nürnberg Moosäckerstr.,49.51873703,11.03364731,,
de:09564:1274:0:3,Nürnberg Moosäckerstr.,49.51890615,11.03476122,,
de:09564:1275:0:41,Nürnberg Neunhof,49.51883617,11.04921511,,Parentde:09564:1275
de:09564:1275:0:42,Nürnberg Neunhof,49.51853875,11.04929596,,Parentde:09564:1275
de:09564:1276:0:1,Nürnberg Kriegerdenkmal,49.51681831,11.04846951,,Parentde:09564:1276
de:09564:1276:0:2,Nürnberg Kriegerdenkmal,49.51714491,11.04841561,,Parentde:09564:1276
de:09564:1277:0:1,Nürnberg Am Kressenstein,49.51257820,11.04676271,,
de:09564:1277:0:2,Nürnberg Am Kressenstein,49.51240905,11.04714001,,
de:09564:1278:0:1,Nürnberg Kraftshof,49.51119586,11.04933190,,Parentde:09564:1278
de:09564:1278:0:2,Nürnberg Kraftshof,49.51121335,11.04917020,,Parentde:09564:1278
de:09564:1279:0:1,Nürnberg Kraftshof Süd,49.50750358,11.04760713,,Parentde:09564:1279
de:09564:1279:0:2,Nürnberg Kraftshof Süd,49.50749775,11.04742747,,Parentde:09564:1279
de:09564:1280:0:1,Nürnberg Buch Nord,49.50347268,11.04447201,,Parentde:09564:1280
de:09564:1280:0:2,Nürnberg Buch Nord,49.50299431,11.04461574,,Parentde:09564:1280
de:09564:1280:0:3,Nürnberg Buch Nord,49.50254511,11.04479540,,Parentde:09564:1280
de:09564:1280:0:4,Nürnberg Buch Nord,49.50311682,11.04513676,,Parentde:09564:1280
de:09564:1281:0:1,Nürnberg Buch Süd,49.49626172,11.04701424,,
de:09564:1281:0:2,Nürnberg Buch Süd,49.49657679,11.04617881,,
de:09564:1283:13:1,Nürnberg Am Wegfeld,49.49252164,11.05344618,,Parentde:09564:1283
de:09564:1283:13:2,Nürnberg Am Wegfeld,49.49227074,11.05356296,,Parentde:09564:1283
de:09564:1283:13:5,Nürnberg Am Wegfeld,49.49236993,11.05402110,,Parentde:09564:1283
de:09564:1283:13:6,Nürnberg Am Wegfeld,49.49258583,11.05393127,,Parentde:09564:1283
de:09564:1283:13:7,Nürnberg Am Wegfeld,49.49314598,11.05405703,,Parentde:09564:1283
de:09564:1284:0:1,Nürnberg Almoshof,49.49005922,11.06230357,,
de:09564:1284:0:2,Nürnberg Almoshof,49.49021677,11.06198017,,
de:09564:1285:0:1,Nürnberg Almoshof Schule,49.48865289,11.06634599,,
de:09564:1285:0:2,Nürnberg Almoshof Schule,49.48857120,11.06633700,,
de:09564:1286:0:1,Nürnberg Lohe,49.48798181,11.07159215,,
de:09564:1286:0:2,Nürnberg Lohe,49.48787094,11.07189758,,
de:09564:1287:0:2,Nürnberg Flughafenstr.,49.48592767,11.08212939,,
de:09564:1287:0:3,Nürnberg Flughafenstr.,49.48517485,11.08230905,,
de:09564:1288:0:3,Nürnberg Am Bäumling,49.48696642,11.07590406,,Parentde:09564:1288
de:09564:1288:0:4,Nürnberg Am Bäumling,49.48695475,11.07551779,,Parentde:09564:1288
de:09564:1289:0:3,Nürnberg Wilhelmshavener Str.,49.48073939,11.07196046,,Parentde:09564:1289
de:09564:1289:0:4,Nürnberg Wilhelmshavener Str.,49.48094367,11.07178978,,Parentde:09564:1289
de:09564:1290:0:1,Nürnberg Schweriner Str.,49.47849817,11.07122384,,
de:09564:1290:0:2,Nürnberg Schweriner Str.,49.47880167,11.07108909,,
de:09564:1291:0:1,Nürnberg Kleinreuth h.d.V.,49.47457578,11.07161910,,
de:09564:1291:0:2,Nürnberg Kleinreuth h.d.V.,49.47535211,11.07123282,,
de:09564:1292:0:1,Nürnberg Langer Steig,49.47356595,11.08157243,,Parentde:09564:1292
de:09564:1292:0:2,Nürnberg Langer Steig,49.47391034,11.08202159,,Parentde:09564:1292
de:09564:1292:0:3,Nürnberg Langer Steig,49.47384613,11.08092564,,Parentde:09564:1292
de:09564:1293:13:8,Nürnberg Thon,49.47371188,11.06391155,,Parentde:09564:1293
de:09564:1293:13:9,Nürnberg Thon,49.47347839,11.06403732,,Parentde:09564:1293
de:09564:1295:13:3,Nürnberg Schleswiger Str.,49.48023746,11.06199814,,Parentde:09564:1295
de:09564:1295:13:4,Nürnberg Schleswiger Str.,49.48007988,11.06160288,,Parentde:09564:1295
de:09564:1296:0:1,Nürnberg Schnepfenreuth,49.48578177,11.05329347,,
de:09564:1296:0:2,Nürnberg Schnepfenreuth,49.48563004,11.05277244,,
de:09564:1297:0:1,Nürnberg Kieler Str.,49.47867327,11.05557519,,
de:09564:1297:0:2,Nürnberg Kieler Str.,49.47856237,11.05556620,,
de:09564:1298:0:1,Nürnberg Berufsförderungswerk,49.47616929,11.04740950,,
de:09564:1298:0:2,Nürnberg Berufsförderungswerk,49.47606422,11.04674475,,
de:09564:1300:0:1,Nürnberg Buch Mitte,49.49683350,11.04515473,,
de:09564:1300:0:2,Nürnberg Buch Mitte,49.49680433,11.04531643,,
de:09564:1301:13:1,Nürnberg Bamberger Str.,49.48461460,11.05883607,,Parentde:09564:1301
de:09564:1301:13:3,Nürnberg Bamberger Str.,49.48414189,11.05794674,,Parentde:09564:1301
de:09564:1301:13:4,Nürnberg Bamberger Str.,49.48420025,11.05975235,,Parentde:09564:1301
de:09564:1302:0:1,Nürnberg Walter-Braun-Str.,49.48342989,11.05372466,,
de:09564:1302:0:2,Nürnberg Walter-Braun-Str.,49.48339488,11.05352703,,
de:09564:1303:0:1,Nürnberg Reutleser Str.,49.53141967,11.03345866,,Parentde:09564:1303
de:09564:1303:0:2,Nürnberg Reutleser Str.,49.53097073,11.03291967,,Parentde:09564:1303
de:09564:1305:0:1,Nürnberg Baststraße,49.49857798,11.04409472,,
de:09564:1305:0:2,Nürnberg Baststraße,49.49833877,11.04392404,,
de:09564:1307:0:1,Nürnberg Kilianstr.,49.47398039,11.07727848,,
de:09564:1307:0:2,Nürnberg Kilianstr.,49.47382862,11.07818578,,
de:09564:1308:0:1,Nürnberg Rotfuchsstr.,49.52110471,11.02247227,,
de:09564:1308:0:2,Nürnberg Rotfuchsstr.,49.52126216,11.02262498,,
de:09564:1309:0:1,Nürnberg Michaelstr.,49.47372355,11.06851093,,
de:09564:1309:0:2,Nürnberg Michaelstr.,49.47386365,11.06772939,,
de:09564:1310:3:41,Nürnberg Ostbahnhof,49.46534058,11.12104440,,Parentde:09564:1310
de:09564:1310:3:42,Nürnberg Ostbahnhof,49.46499029,11.11946337,,Parentde:09564:1310
de:09564:1313:0:1,Nürnberg Johann-Sperl-Str.,49.49180977,11.06028236,,
de:09564:1313:0:2,Nürnberg Johann-Sperl-Str.,49.49217738,11.05788386,,
de:09564:1314:0:1,Nürnberg Höfles Ost,49.49033931,11.03244357,,Parentde:09564:1314
de:09564:1314:0:2,Nürnberg Höfles Ost,49.49035098,11.03266815,,Parentde:09564:1314
de:09564:1315:0:1,Nürnberg Höfles West,49.48899718,11.03006303,,
de:09564:1315:0:2,Nürnberg Höfles West,49.48890965,11.03015286,,
de:09564:1316:0:1,Nürnberg Forchheimer Str.,49.47259112,11.05326652,,
de:09564:1317:0:1,Nürnberg Waldemar-Klink-Str.,49.47308145,11.05678791,,
de:09564:1317:0:2,Nürnberg Waldemar-Klink-Str.,49.47301141,11.05753351,,
de:09564:1318:0:1,Nürnberg Kleinreuther Weg,49.47377025,11.07194249,,Parentde:09564:1318
de:09564:1318:0:2,Nürnberg Kleinreuther Weg,49.47391618,11.07124180,,Parentde:09564:1318
de:09564:1319:0:1,Nürnberg Bucher Hauptstr.,49.49259166,11.05080513,,
de:09564:1321:0:1,Nürnberg Sylter Str.,49.48027248,11.06627412,,
de:09564:1321:0:2,Nürnberg Sylter Str.,49.48018493,11.06650768,,
de:09564:1322:0:1,Nürnberg Lohestr.,49.48466712,11.07284979,,
de:09564:1322:0:2,Nürnberg Lohestr.,49.48457958,11.07219402,,
de:09564:1324:3:6,Nürnberg Herrnhütte,49.47836976,11.10947410,,Parentde:09564:1324
de:09564:1324:3:7,Nürnberg Herrnhütte,49.47928027,11.11086649,,Parentde:09564:1324
de:09564:1326:0:1,Nürnberg Leipziger Platz,49.47177388,11.10377878,,
de:09564:1327:0:1,Nürnberg Marienbuck,49.47434229,11.09648446,,
de:09564:1327:0:2,Nürnberg Marienbuck,49.47441818,11.09561310,,
de:09564:1328:0:1,Nürnberg Merianstr.,49.47182642,11.09966450,,
de:09564:1328:0:2,Nürnberg Merianstr.,49.47139445,11.09893687,,
de:09564:1330:0:6,Nürnberg Ziegelstein Nord,49.48585180,11.10502744,,
de:09564:1330:0:7,Nürnberg Ziegelstein Nord,49.48581679,11.10482083,,
de:09564:1331:0:10,Nürnberg Ziegelstein Süd,49.48420608,11.10562931,,Parentde:09564:1331
de:09564:1331:0:11,Nürnberg Ziegelstein Süd,49.48439867,11.10545863,,Parentde:09564:1331
de:09564:1331:0:8,Nürnberg Ziegelstein Süd,49.48446870,11.10514422,,Parentde:09564:1331
de:09564:1331:0:9,Nürnberg Ziegelstein Süd,49.48384425,11.10489270,,Parentde:09564:1331
de:09564:1332:0:1,Nürnberg Loher Moos,49.48080943,11.10569220,,
de:09564:1332:0:2,Nürnberg Loher Moos,49.48023162,11.10570118,,
de:09564:1333:0:1,Nürnberg Flataustr.,49.47772772,11.10582694,,
de:09564:1333:0:2,Nürnberg Flataustr.,49.47718490,11.10521609,,
de:09564:1333:0:3,Nürnberg Flataustr.,49.47740087,11.10643780,,
de:09564:1334:0:1,Nürnberg Bessemerstr.,49.47486180,11.10411116,,
de:09564:1334:0:2,Nürnberg Bessemerstr.,49.47416718,11.10361709,,
de:09564:1335:13:6,"Nürnberg, Nordostbahnhof",49.47255026,11.10450642,,Parentde:09564:1335
de:09564:1335:13:7,"Nürnberg, Nordostbahnhof",49.47274873,11.10442557,,Parentde:09564:1335
de:09564:1335:13:8,"Nürnberg, Nordostbahnhof",49.47233427,11.10471303,,Parentde:09564:1335
de:09564:1338:13:41,Nürnberg Tafelhalle,49.46172659,11.11205227,,Parentde:09564:1338
de:09564:1338:13:42,Nürnberg Tafelhalle,49.46166237,11.10999513,,Parentde:09564:1338
de:09564:1339:0:1,Nürnberg Steinplattenweg,49.46938047,11.12129593,,
de:09564:1339:0:2,Nürnberg Steinplattenweg,49.46931041,11.12108932,,
de:09564:1340:13:3,Nürnberg Thumenberger Weg,49.46727300,11.12521259,,Parentde:09564:1340
de:09564:1340:13:4,Nürnberg Thumenberger Weg,49.46712705,11.12518564,,Parentde:09564:1340
de:09564:1342:0:1,Nürnberg Klingenhof,49.47724911,11.11426212,,
de:09564:1342:0:2,Nürnberg Klingenhof,49.47747674,11.11367822,,
de:09564:1343:0:1,Nürnberg Bennostr.,49.47791450,11.11687622,,
de:09564:1343:0:2,Nürnberg Bennostr.,49.47786781,11.11669656,,
de:09564:1344:0:1,Nürnberg Paul-Moor-Schule,49.47895926,11.11801708,,
de:09564:1344:0:2,Nürnberg Paul-Moor-Schule,49.47893008,11.11786437,,
de:09564:1348:0:1,Nürnberg Weiherhauser Str.,49.35368607,11.05498230,,
de:09564:1348:0:2,Nürnberg Weiherhauser Str.,49.35386746,11.05497332,,
de:09564:1350:0:1,Nürnberg Tucherhof,49.48462044,11.09078016,,
de:09564:1350:0:2,Nürnberg Tucherhof,49.48475466,11.09050168,,
de:09564:1351:0:1,Nürnberg Ernst-Heinkel-Weg,49.48418858,11.09662819,,
de:09564:1351:0:2,Nürnberg Ernst-Heinkel-Weg,49.48425277,11.09690667,,
de:09564:1353:0:1,Nürnberg Heroldsberger Weg,49.48530907,11.10879138,,
de:09564:1353:0:2,Nürnberg Heroldsberger Weg,49.48537910,11.10863867,,
de:09564:1354:0:1,Nürnberg Hofer Str.,49.48732823,11.11289668,,
de:09564:1354:0:2,Nürnberg Hofer Str.,49.48784176,11.11360635,,
de:09564:1356:13:2,Nürnberg Thuisbrunner Str.,49.48866457,11.11604079,,
de:09564:1356:3:1,Nürnberg Thuisbrunner Str.,49.48858287,11.11601384,,
de:09564:1358:0:1,Nürnberg Waldarbeitsschule,49.50255678,11.10141622,,
de:09564:1359:0:1,Nürnberg Loeschweg,49.49328602,11.10316793,,
de:09564:1360:0:1,Nürnberg Zum Felsenkeller,49.50032239,11.10176656,,
de:09564:1361:0:1,Nürnberg Ohrwaschelweg,49.50559026,11.10303318,,
de:09564:1362:0:1,Nürnberg Nuschelbergweg,49.50687943,11.10508134,,
de:09564:1363:0:1,Nürnberg Siedlungswerk,49.50526942,11.10856680,,
de:09564:1364:0:1,Nürnberg Paulusstein,49.50284847,11.11052513,,
de:09564:1365:0:1,Nürnberg Hermann-Löns-Str.,49.49994318,11.11049818,,
de:09564:1366:0:1,Nürnberg Buchenbühler Weg,49.49291842,11.10954597,,
de:09564:1367:0:1,Nürnberg Schwendengarten,49.48946985,11.10382370,,
de:09564:1367:0:2,Nürnberg Schwendengarten,49.48922476,11.10367099,,
de:09564:1368:0:1,Nürnberg Schleifweg,49.47092744,11.08198566,,
de:09564:1368:0:2,Nürnberg Schleifweg,49.47079318,11.08198566,,
de:09564:1369:0:1,Nürnberg Kurzer Steig,49.47347255,11.08621672,,
de:09564:1369:0:2,Nürnberg Kurzer Steig,49.47364767,11.08596519,,
de:09564:1370:0:1,Nürnberg Großreuth h. d. V.,49.47338499,11.08919913,,
de:09564:1370:0:2,Nürnberg Großreuth h. d. V.,49.47356011,11.08930693,,
de:09564:1371:0:1,Nürnberg Stirnerstr.,49.47384030,11.09200187,,
de:09564:1371:0:2,Nürnberg Stirnerstr.,49.47410297,11.09271154,,
de:09564:1372:0:1,Nürnberg Nordostpark,49.48894467,11.12723380,,Parentde:09564:1372
de:09564:1372:0:2,Nürnberg Nordostpark,49.48896217,11.12717990,,Parentde:09564:1372
de:09564:1373:0:1,Nürnberg Neumeyerstr.,49.48432864,11.12329019,,
de:09564:1373:0:2,Nürnberg Neumeyerstr.,49.48429362,11.12323629,,
de:09564:1374:0:1,Nürnberg Sieboldstr.,49.48246693,11.12293985,,Parentde:09564:1374
de:09564:1374:0:2,Nürnberg Sieboldstr.,49.48248444,11.12282307,,Parentde:09564:1374
de:09564:1374:0:3,Nürnberg Sieboldstr.,49.48181328,11.12301171,,Parentde:09564:1374
de:09564:1374:0:4,Nürnberg Sieboldstr.,49.48184829,11.12307460,,Parentde:09564:1374
de:09564:1375:0:1,Nürnberg Schafhofstr.,49.48090865,11.11779250,,
de:09564:1375:0:2,Nürnberg Schafhofstr.,49.48089698,11.11728945,,
de:09564:1376:0:1,Nürnberg Hiltpoltsteiner Str.,49.48139890,11.11574434,,
de:09564:1376:0:2,Nürnberg Hiltpoltsteiner Str.,49.48142808,11.11526824,,
de:09564:1380:0:1,Nürnberg Nordostpark Mitte,49.48644121,11.12449393,,
de:09564:1380:0:2,Nürnberg Nordostpark Mitte,49.48645872,11.12441309,,
de:09564:1382:0:1,Nürnberg Carl-von-Linde-Str.,49.46809615,11.10288945,,Parentde:09564:1382
de:09564:1382:0:2,Nürnberg Carl-von-Linde-Str.,49.46733138,11.10264691,,Parentde:09564:1382
de:09564:1383:0:1,Nürnberg Theresienkrankenhaus,49.46942717,11.10892613,,
de:09564:1383:0:2,Nürnberg Theresienkrankenhaus,49.46957311,11.10901596,,
de:09564:1384:0:1,Nürnberg Teutoburger Str.,49.46820707,11.11202532,,
de:09564:1384:0:2,Nürnberg Teutoburger Str.,49.46826545,11.11118090,,
de:09564:1385:0:1,Nürnberg Leipziger Str.,49.47030866,11.11466637,,
de:09564:1385:0:2,Nürnberg Leipziger Str.,49.47013353,11.11416331,,
de:09564:1386:0:1,Nürnberg Dresdener Str.,49.47242184,11.11693910,,
de:09564:1386:0:2,Nürnberg Dresdener Str.,49.47178556,11.11599587,,
de:09564:1386:0:3,Nürnberg Dresdener Str.,49.47193149,11.11684029,,
de:09564:1387:0:1,Nürnberg Spitalhof,49.47472171,11.12195170,,
de:09564:1387:0:2,Nürnberg Spitalhof,49.47493768,11.12235594,,
de:09564:1388:0:1,Nürnberg Hubertusstr.,49.47434813,11.12753922,,
de:09564:1388:0:2,Nürnberg Hubertusstr.,49.47441818,11.12775482,,
de:09564:1389:0:1,Nürnberg Tattersall,49.47807209,11.13169842,,
de:09564:1389:0:2,Nürnberg Tattersall,49.47800789,11.13153673,,
de:09564:1390:0:1,Nürnberg Martha-Maria-Krkhs.,49.48225099,11.13521982,,
de:09564:1391:3:6,Nürnberg Flughafen,49.49385783,11.07893138,,Parentde:09564:1391
de:09564:1391:3:7,Nürnberg Flughafen,49.49379365,11.07974885,,Parentde:09564:1391
de:09564:1392:0:1,Nürnberg Weißer Weg,49.46348399,11.12349680,,
de:09564:1392:0:2,Nürnberg Weißer Weg,49.46354238,11.12362257,,
de:09564:1393:0:1,Nürnberg Dr.C-Schmid-Str.,49.46295853,11.12095457,,
de:09564:1393:0:2,Nürnberg Dr.C-Schmid-Str.,49.46291766,11.12052338,,
de:09564:1396:0:1,Nürnberg Cargo-Zentrum,49.49288341,11.08310855,,
de:09564:1396:0:2,Nürnberg Cargo-Zentrum,49.49228824,11.08304567,,
de:09564:1398:0:1,Nürnberg Nordostpark Ost,49.48709481,11.12739549,,
de:09564:1398:0:2,Nürnberg Nordostpark Ost,49.48716483,11.12745838,,
de:09564:1399:0:1,Nürnberg Sieboldstr. Schleife,49.48033084,11.12639836,,
de:09564:1400:0:1,Nürnberg Luftamt Nordbayern,49.49370613,11.07125977,,
de:09564:1400:0:2,Nürnberg Luftamt Nordbayern,49.49362444,11.07125079,,
de:09564:1407:0:1,Nürnberg Neuwieder Str.,49.49062523,11.10695882,,
de:09564:1428:0:1,Nürnberg Goldhammer,49.46338474,11.12581446,,
de:09564:1428:0:2,Nürnberg Goldhammer,49.46322126,11.12709007,,
de:09564:1428:0:3,Nürnberg Goldhammer,49.46354238,11.12613785,,
de:09564:1431:3:1,Nürnberg Mögeldorf,49.45993993,11.13154571,,Parentde:09564:1431
de:09564:1431:3:12,Nürnberg Mögeldorf,49.45960128,11.13173436,,Parentde:09564:1431
de:09564:1432:13:1,Nürnberg Balthas.-Neumann-Str.,49.45650656,11.13341421,,Parentde:09564:1432
de:09564:1432:13:2,Nürnberg Balthas.-Neumann-Str.,49.45642481,11.13318963,,Parentde:09564:1432
de:09564:1433:1:1,Nürnberg Siedlerstr.,49.45402480,11.13546236,,Parentde:09564:1433
de:09564:1433:1:2,Nürnberg Siedlerstr.,49.45393721,11.13523779,,Parentde:09564:1433
de:09564:1434:1:1,Nürnberg Tiergarten,49.44986685,11.13760035,,Parentde:09564:1434
de:09564:1434:1:2,Nürnberg Tiergarten,49.45031070,11.13795968,,Parentde:09564:1434
de:09564:1435:0:1,Nürnberg Akademie d.b.K.,49.44690001,11.13673797,,
de:09564:1435:0:2,Nürnberg Akademie d.b.K.,49.44706354,11.13649543,,
de:09564:1436:0:1,Nürnberg Wohnstift a. T.,49.44579032,11.13209368,,
de:09564:1436:0:2,Nürnberg Wohnstift a. T.,49.44596553,11.13200385,,
de:09564:1445:0:1,Nürnberg Zerzabelshof Ost,49.42841744,11.14126548,,
de:09564:1446:0:1,Nürnberg Wohnanl.Regensb.Str.,49.42946326,11.13848070,,
de:09564:1446:0:2,Nürnberg Wohnanl.Regensb.Str.,49.42951584,11.13866935,,
de:09564:1448:0:1,Nürnberg August-Meier-Haus,49.43020525,11.13582169,,
de:09564:1448:0:2,Nürnberg August-Meier-Haus,49.43031041,11.13601932,,
de:09564:1451:0:1,Nürnberg Hans-Kalb-Str.,49.43214489,11.13203978,,
de:09564:1451:0:2,Nürnberg Hans-Kalb-Str.,49.43257721,11.13211165,,
de:09564:1452:0:1,Nürnberg Sportanlage FCN,49.43444665,11.13276742,,
de:09564:1452:0:2,Nürnberg Sportanlage FCN,49.43442913,11.13304590,,
de:09564:1453:0:1,Nürnberg Valznerweiher,49.43791662,11.13124028,,
de:09564:1453:0:2,Nürnberg Valznerweiher,49.43812691,11.13111452,,
de:09564:1454:0:1,Nürnberg Ayrerstr.,49.43933608,11.12748532,,Parentde:09564:1454
de:09564:1454:0:2,Nürnberg Ayrerstr.,49.43976250,11.12691939,,Parentde:09564:1454
de:09564:1455:0:1,Nürnberg Waldlust,49.43716306,11.12020897,,
de:09564:1455:0:2,Nürnberg Waldlust,49.43722732,11.12008321,,
de:09564:1456:0:1,Nürnberg Schedelstr.,49.43951716,11.12190679,,
de:09564:1456:0:2,Nürnberg Schedelstr.,49.43949380,11.12163729,,
de:09564:1457:0:1,Nürnberg Zerzabelshof Mitte,49.44230922,11.12394596,,Parentde:09564:1457
de:09564:1457:0:2,Nürnberg Zerzabelshof Mitte,49.44254870,11.12391003,,Parentde:09564:1457
de:09564:1457:0:3,Nürnberg Zerzabelshof Mitte,49.44149148,11.12390105,,Parentde:09564:1457
de:09564:1457:0:4,Nürnberg Zerzabelshof Mitte,49.44164335,11.12400884,,Parentde:09564:1457
de:09564:1458:0:1,Nürnberg Bingstr.,49.44477405,11.12767397,,
de:09564:1458:0:3,Nürnberg Bingstr.,49.44524714,11.12867110,,
de:09564:1459:0:41,Nürnberg Fallrohrstr.,49.44921860,11.12882381,,
de:09564:1460:0:1,Nürnberg Eckenstr.,49.44869883,11.12573361,,
de:09564:1462:0:1,Nürnberg Ben-Gurion-Ring,49.44051017,11.12018202,,
de:09564:1462:0:2,Nürnberg Ben-Gurion-Ring,49.44041671,11.11971490,,
de:09564:1463:0:1,Nürnberg Ziegenstr.,49.46135292,11.13254284,,
de:09564:1463:0:11,Nürnberg Ziegenstr.,49.46123614,11.13225538,,
de:09564:1464:0:1,Nürnberg Waldstr.,49.46186088,11.13747459,,
de:09564:1464:0:2,Nürnberg Waldstr.,49.46179665,11.13635170,,
de:09564:1465:0:1,Nürnberg Prutzstr.,49.46264909,11.14075344,,
de:09564:1465:0:2,Nürnberg Prutzstr.,49.46288263,11.14069056,,
de:09564:1466:0:1,Nürnberg Hüttenbacher Str.,49.46402697,11.14749081,,
de:09564:1466:0:2,Nürnberg Hüttenbacher Str.,49.46415541,11.14742792,,
de:09564:1467:0:1,Nürnberg Happurger Str.,49.46522382,11.15257527,,
de:09564:1467:0:2,Nürnberg Happurger Str.,49.46514792,11.15177577,,
de:09564:1468:0:1,Nürnberg Grünreuther Str.,49.46626885,11.15845025,,
de:09564:1468:0:2,Nürnberg Grünreuther Str.,49.46626885,11.15767770,,
de:09564:1469:0:1,Nürnberg Brandstr.,49.46623382,11.16286098,,
de:09564:1469:0:2,Nürnberg Brandstr.,49.46666584,11.16153147,,
de:09564:1470:0:1,Nürnberg Hammer,49.46744814,11.16765798,,
de:09564:1470:0:2,Nürnberg Hammer,49.46748316,11.16732561,,
de:09564:1471:0:2,Nürnberg Henfenfelder Str.,49.46900685,11.17433247,,
de:09564:1471:0:41,Nürnberg Henfenfelder Str.,49.46889009,11.17506010,,
de:09564:1473:0:1,Nürnberg Freilandsiedlung,49.46924036,11.18085424,,
de:09564:1473:0:2,Nürnberg Freilandsiedlung,49.46937463,11.18082729,,
de:09564:148:0:1,Nürnberg Weintraubengasse,49.45424671,11.07375709,,
de:09564:148:0:2,Nürnberg Weintraubengasse,49.45434598,11.07380200,,
de:09564:149:0:1,Nürnberg Egidienplatz,49.45577080,11.08204854,,
de:09564:149:0:2,Nürnberg Egidienplatz,49.45585255,11.08123107,,
de:09564:1504:3:6,Nürnberg Scharfreiterring,49.40823288,11.12647921,,Parentde:09564:1504
de:09564:1504:3:7,Nürnberg Scharfreiterring,49.40850759,11.12719786,,Parentde:09564:1504
de:09564:1507:3:6,Nürnberg Langwasser Süd,49.39813748,11.14210990,,Parentde:09564:1507
de:09564:151:0:1,Nürnberg Hauptmarkt,49.45432846,11.07665865,,
de:09564:151:0:2,Nürnberg Hauptmarkt,49.45444525,11.07600288,,
de:09564:1510:3:1,Nürnberg Dutzendteich Bahnhof,49.43761286,11.11784640,,Parentde:09564:1510
de:09564:1510:3:2,Nürnberg Dutzendteich Bahnhof,49.43772969,11.11741521,,Parentde:09564:1510
de:09564:1510:3:6,Nürnberg Dutzendteich Bahnhof,49.43823790,11.11823268,,Parentde:09564:1510
de:09564:152:0:1,Nürnberg Rathaus,49.45575912,11.07927274,,Parentde:09564:152
de:09564:152:0:2,Nürnberg Rathaus,49.45585839,11.07911105,,Parentde:09564:152
de:09564:153:0:1,Nürnberg Maxtor,49.45849187,11.08192277,,
de:09564:153:0:2,Nürnberg Maxtor,49.45858529,11.08143768,,
de:09564:154:0:1,Nürnberg Laufer Tor,49.45762769,11.08856132,,
de:09564:154:0:2,Nürnberg Laufer Tor,49.45748171,11.08800437,,
de:09564:155:0:2,Nürnberg Innerer Laufer Platz,49.45644233,11.08419551,,
de:09564:155:0:3,Nürnberg Innerer Laufer Platz,49.45640729,11.08444704,,
de:09564:1550:3:6,Nürnberg Bauernfeindstr.,49.41753727,11.10824341,,Parentde:09564:1550
de:09564:1550:3:7,Nürnberg Bauernfeindstr.,49.41794635,11.10809968,,Parentde:09564:1550
de:09564:1551:0:1,Nürnberg Neuselsbrunn,49.41505355,11.11206125,,
de:09564:1551:0:2,Nürnberg Neuselsbrunn,49.41466198,11.11265414,,
de:09564:1552:0:1,Nürnberg Nötteleinweg,49.40132357,11.11937354,,
de:09564:1552:0:2,Nürnberg Nötteleinweg,49.40055191,11.11968795,,
de:09564:1553:0:1,Nürnberg Neulandsiedlung,49.39864610,11.12259849,,
de:09564:1553:0:2,Nürnberg Neulandsiedlung,49.39826025,11.12407173,,
de:09564:1554:0:1,Nürnberg Werkvolksiedlung,49.40005501,11.12650616,,
de:09564:1554:0:2,Nürnberg Werkvolksiedlung,49.39993224,11.12672176,,
de:09564:1557:0:1,Nürnberg Georg-Ledebour-Schule,49.40090267,11.15071576,,
de:09564:1558:0:1,Nürnberg Imbuschstr.,49.39871041,11.14717640,,
de:09564:1558:0:2,Nürnberg Imbuschstr.,49.39869872,11.14673622,,
de:09564:1559:0:1,Nürnberg G.Ledebour/Liegn.Str.,49.40061037,11.15099424,,
de:09564:1559:0:2,Nürnberg G.Ledebour/Liegn.Str.,49.40061037,11.15054508,,
de:09564:156:0:1,Nürnberg Burgstr.,49.45565402,11.07752103,,Parentde:09564:156
de:09564:156:0:2,Nürnberg Burgstr.,49.45575912,11.07756594,,Parentde:09564:156
de:09564:1560:0:1,Nürnberg Gleiw./Liegnitz. Str.,49.40295454,11.15606073,,Parentde:09564:1560
de:09564:1560:0:2,Nürnberg Gleiw./Liegnitz. Str.,49.40303053,11.15622243,,Parentde:09564:1560
de:09564:1560:0:3,Nürnberg Gleiw./Liegnitz. Str.,49.40334619,11.15637514,,Parentde:09564:1560
de:09564:1560:0:4,Nürnberg Gleiw./Liegnitz. Str.,49.40307145,11.15544988,,Parentde:09564:1560
de:09564:1561:0:1,Nürnberg Moorenbrunnfeld,49.39887995,11.16077689,,
de:09564:1561:0:2,Nürnberg Moorenbrunnfeld,49.39914302,11.16087570,,
de:09564:1562:0:1,Nürnberg G.Ledebour/Gleiw.Str.,49.40417042,11.15454258,,
de:09564:1562:0:2,Nürnberg G.Ledebour/Gleiw.Str.,49.40459714,11.15438088,,
de:09564:1563:0:1,Nürnberg Jauerstr.,49.40708139,11.15109305,,
de:09564:1563:0:2,Nürnberg Jauerstr.,49.40691188,11.15111102,,
de:09564:1564:0:1,Nürnberg Hirschberger Str.,49.40955968,11.14811064,,
de:09564:1564:0:2,Nürnberg Hirschberger Str.,49.40916223,11.14798488,,
de:09564:1565:0:1,Nürnberg Langwasser Bad,49.41231253,11.14393348,,Parentde:09564:1565
de:09564:1565:0:2,Nürnberg Langwasser Bad,49.41236514,11.14352025,,Parentde:09564:1565
de:09564:1565:0:3,Nürnberg Langwasser Bad,49.41280347,11.14391551,,Parentde:09564:1565
de:09564:1565:0:4,Nürnberg Langwasser Bad,49.41343467,11.14354720,,Parentde:09564:1565
de:09564:1566:0:1,Nürnberg Groß-Strehlitz. Str.,49.40838485,11.13783392,,
de:09564:1566:0:2,Nürnberg Groß-Strehlitz. Str.,49.40856020,11.13772612,,
de:09564:1567:3:10,Nürnb. Langwasser Mitte,49.40467897,11.13290217,,Parentde:09564:1567
de:09564:1567:3:11,Nürnb. Langwasser Mitte,49.40446854,11.13274047,,Parentde:09564:1567
de:09564:1567:3:14,Nürnb. Langwasser Mitte,49.40443346,11.13187809,,Parentde:09564:1567
de:09564:1567:3:15,Nürnb. Langwasser Mitte,49.40478419,11.13177029,,Parentde:09564:1567
de:09564:1567:3:16,Nürnb. Langwasser Mitte,49.40493617,11.13211165,,Parentde:09564:1567
de:09564:1567:3:17,Nürnb. Langwasser Mitte,49.40516999,11.13177927,,Parentde:09564:1567
de:09564:1567:3:18,Nürnb. Langwasser Mitte,49.40502385,11.13142893,,Parentde:09564:1567
de:09564:1567:3:6,Nürnb. Langwasser Mitte,49.40443931,11.13250691,,Parentde:09564:1567
de:09564:1567:3:7,Nürnb. Langwasser Mitte,49.40450361,11.13262369,,Parentde:09564:1567
de:09564:1567:3:8,Nürnb. Langwasser Mitte,49.40456207,11.13270454,,Parentde:09564:1567
de:09564:1568:0:1,Nürnberg Kafkastr.,49.41506524,11.13868732,,Parentde:09564:1568
de:09564:1568:0:2,Nürnberg Kafkastr.,49.41490744,11.13893884,,Parentde:09564:1568
de:09564:1569:0:1,Nürnberg Zuckmayerweg,49.41051823,11.12885975,,
de:09564:1569:0:2,Nürnberg Zuckmayerweg,49.41031366,11.12885975,,
de:09564:1570:0:1,Nürnberg Annette-Kolb-Str.,49.41221318,11.13366573,,
de:09564:1570:0:2,Nürnberg Annette-Kolb-Str.,49.41175730,11.13326149,,
de:09564:1571:0:1,Nürnberg Tucholskystr.,49.41328272,11.13530965,,Parentde:09564:1571
de:09564:1571:0:2,Nürnberg Tucholskystr.,49.41353987,11.13620797,,Parentde:09564:1571
de:09564:1572:0:1,Nürnberg Hans-Fallada-Str.,49.41746715,11.13611813,,
de:09564:1572:0:2,Nürnberg Hans-Fallada-Str.,49.41766000,11.13634271,,
de:09564:1574:0:1,Nürnberg Max-Grundig-Platz,49.42466633,11.13292912,,
de:09564:1577:0:1,Nürnberg Poststr.,49.42101428,11.13168046,,
de:09564:1577:0:2,Nürnberg Poststr.,49.42146423,11.13213860,,
de:09564:1578:0:1,Nürnberg Thomas-Mann-Str.,49.41505355,11.14009767,,
de:09564:1578:0:2,Nürnberg Thomas-Mann-Str.,49.41519381,11.14017852,,
de:09564:1610:3:1,"Nürnberg, Fischbach Bahnhof",49.41343467,11.17521282,,Parentde:09564:1610
de:09564:1610:3:2,"Nürnberg, Fischbach Bahnhof",49.41348143,11.17490739,,Parentde:09564:1610
de:09564:1612:0:1,Nürnberg Fischbach Bahnhof Wende,49.41418860,11.17333534,,
de:09564:1647:0:1,Nürnberg Sportanlage Fischbach,49.42002088,11.20629452,,
de:09564:1647:0:2,Nürnberg Sportanlage Fischbach,49.42009100,11.20576452,,
de:09564:1649:0:1,Nürnberg Altenfurter Straße,49.41119037,11.17132311,,Parentde:09564:1649
de:09564:1649:0:2,Nürnberg Altenfurter Straße,49.41106763,11.17078412,,Parentde:09564:1649
de:09564:1649:0:3,Nürnberg Altenfurter Straße,49.41089814,11.17109853,,Parentde:09564:1649
de:09564:1650:0:1,Nürnberg Flachsröste,49.42658282,11.18192323,,
de:09564:1651:0:1,Nürnberg Am Schlag,49.42723137,11.18733109,,
de:09564:1651:0:2,Nürnberg Am Schlag,49.42600438,11.18601057,,
de:09564:1652:0:1,Nürnberg Bärenbühlgraben,49.42636079,11.19331387,,
de:09564:1652:0:2,Nürnberg Bärenbühlgraben,49.42591089,11.19309827,,
de:09564:1653:0:1,Nürnberg Am Bauernfeld,49.42450273,11.19255928,,
de:09564:1653:0:2,Nürnberg Am Bauernfeld,49.42418720,11.19211911,,
de:09564:1654:0:1,Nürnberg Pellerschloss,49.42156357,11.19272996,,
de:09564:1654:0:2,Nürnberg Pellerschloss,49.42173887,11.19246945,,
de:09564:1655:0:1,Nürnberg Holzstatt,49.41947157,11.19997039,,Parentde:09564:1655
de:09564:1655:0:2,Nürnberg Holzstatt,49.41958845,11.19973682,,Parentde:09564:1655
de:09564:1655:0:4,Nürnberg Holzstatt,49.41962351,11.19972784,,Parentde:09564:1655
de:09564:1656:0:1,Nürnberg Hutbergstr.,49.41865929,11.19644001,,Parentde:09564:1656
de:09564:1656:0:2,Nürnberg Hutbergstr.,49.41949495,11.19534406,,Parentde:09564:1656
de:09564:1657:0:1,Nürnberg Zum Schüsselstein,49.42020787,11.19314319,,Parentde:09564:1657
de:09564:1657:0:2,Nürnberg Zum Schüsselstein,49.42035396,11.19320607,,Parentde:09564:1657
de:09564:1658:0:1,Nürnberg Anzengruberstr.,49.41875279,11.18652261,,
de:09564:1658:0:2,Nürnberg Anzengruberstr.,49.41882876,11.18524700,,
de:09564:1659:0:1,Nürnberg Am Hartgraben,49.41732105,11.18181543,,
de:09564:1659:0:2,Nürnberg Am Hartgraben,49.41775350,11.18221069,,
de:09564:1660:0:1,Nürnberg Raudtener Str.,49.41465029,11.16635543,,
de:09564:1660:0:2,Nürnberg Raudtener Str.,49.41499510,11.16605000,,
de:09564:1661:0:1,Nürnberg Löwenberger Str.,49.40961228,11.16856528,,Parentde:09564:1661
de:09564:1661:0:2,Nürnberg Löwenberger Str.,49.40966489,11.16833172,,Parentde:09564:1661
de:09564:1661:0:3,Nürnberg Löwenberger Str.,49.40949539,11.16834969,,Parentde:09564:1661
de:09564:1662:0:1,Nürnberg Oelser Str.,49.40695865,11.16398387,,
de:09564:1662:0:2,Nürnberg Oelser Str.,49.40684174,11.16321132,,
de:09564:1663:0:1,Nürnberg Streubuck,49.39608541,11.17058649,,
de:09564:1663:0:2,Nürnberg Streubuck,49.39605618,11.16896952,,
de:09564:1664:0:1,Nürnberg Moorenbrunn,49.39662913,11.17388331,,
de:09564:1664:0:2,Nürnberg Moorenbrunn,49.39664083,11.17360483,,
de:09564:1665:0:1,Nürnberg Hermann-Kolb-Str.,49.40012516,11.17703640,,
de:09564:1665:0:2,Nürnberg Hermann-Kolb-Str.,49.40117743,11.17698250,,
de:09564:1666:0:1,Nürnberg Welfenstr.,49.40432825,11.17516790,,
de:09564:1666:0:2,Nürnberg Welfenstr.,49.40381384,11.17279635,,
de:09564:1668:0:1,Nürnberg Von-Soden-Str.,49.40578960,11.17110752,,
de:09564:1669:0:1,Nürnberg Freystädter Str.,49.41123713,11.16662492,,Parentde:09564:1669
de:09564:1669:0:2,Nürnberg Freystädter Str.,49.41092736,11.16661594,,Parentde:09564:1669
de:09564:1670:0:1,Nürnberg Sprottauer Str.,49.41569056,11.16146859,,
de:09564:1670:0:2,Nürnberg Sprottauer Str.,49.41574316,11.16138774,,
de:09564:1671:0:1,Nürnberg Saganer Str.,49.41385547,11.15796516,,
de:09564:1671:0:2,Nürnberg Saganer Str.,49.41427626,11.15848619,,
de:09564:1672:0:1,Nürnberg Brieger Str.,49.41465614,11.14743691,,
de:09564:1672:0:2,Nürnberg Brieger Str.,49.41477302,11.14731114,,
de:09564:1673:0:1,Nürnberg Brunner Berg,49.43631019,11.24069102,,
de:09564:1673:0:2,Nürnberg Brunner Berg,49.43628098,11.24052932,,
de:09564:1674:0:1,Nürnberg Brunn Mitte,49.43590711,11.25161453,,
de:09564:1674:0:2,Nürnberg Brunn Mitte,49.43602978,11.25172233,,
de:09564:1675:0:1,Nürnberg Brunn Ost,49.43536382,11.25518084,,
de:09564:1675:0:2,Nürnberg Brunn Ost,49.43535798,11.25564797,,
de:09564:1676:0:1,Nürnberg Brunn Schleife,49.43487895,11.25889987,,
de:09564:1677:0:1,Nürnberg Brunner Str.,49.42307699,11.21248392,,
de:09564:1677:0:2,Nürnberg Brunner Str.,49.42276146,11.21170238,,
de:09564:1678:0:1,Nürnberg GNF Am Tower,49.38912178,11.17736877,,
de:09564:1679:0:1,Nürnberg Birnthon,49.41384962,11.26416400,,
de:09564:1680:0:1,Nürnberg Birnthon West,49.41590095,11.25630374,,
de:09564:1680:0:2,Nürnberg Birnthon West,49.41603536,11.25638458,,
de:09564:1686:0:1,Nürnberg GNF Th.-Dachser-Str.,49.38546708,11.16645424,,
de:09564:1688:0:1,Nürnberg GNF Am Flachmoor,49.38625652,11.17735979,,
de:09564:1689:0:1,Nürnberg GNF-Südallee,49.38659568,11.17492536,,
de:09564:1730:13:1,Nürnberg Gibitzenhof,49.42494096,11.06547462,,Parentde:09564:1730
de:09564:1730:13:2,Nürnberg Gibitzenhof,49.42513962,11.06559140,,Parentde:09564:1730
de:09564:1731:13:1,Nürnberg Worzeldorfer Str.,49.40656702,11.09430156,,Parentde:09564:1731
de:09564:1731:13:2,Nürnberg Worzeldorfer Str.,49.40685343,11.09422969,,Parentde:09564:1731
de:09564:1740:0:1,Nürnberg Worzeld. Feuerwehrh.,49.37221432,11.09898178,,
de:09564:1740:0:2,Nürnberg Worzeld. Feuerwehrh.,49.37209734,11.09866737,,
de:09564:1740:0:3,Nürnberg Worzeld. Feuerwehrh.,49.37216168,11.09880212,,
de:09564:1750:0:1,Nürnberg Harnischschlag,49.40352741,11.11653486,,Parentde:09564:1750
de:09564:1750:0:2,Nürnberg Harnischschlag,49.40327605,11.11604079,,Parentde:09564:1750
de:09564:1750:0:3,Nürnberg Harnischschlag,49.40578960,11.11428907,,Parentde:09564:1750
de:09564:1750:0:4,Nürnberg Harnischschlag,49.40454453,11.11497179,,Parentde:09564:1750
de:09564:1751:0:1,Nürnberg Kornburger Str.,49.40516999,11.11162108,,
de:09564:1751:0:2,Nürnberg Kornburger Str.,49.40474327,11.11233075,,
de:09564:1752:0:1,Nürnberg Schwander Str.,49.40687681,11.10899800,,
de:09564:1752:0:2,Nürnberg Schwander Str.,49.40715738,11.10889918,,
de:09564:1753:0:1,Nürnberg Herpersdorfer Str.,49.40777696,11.10019451,,
de:09564:1753:0:2,Nürnberg Herpersdorfer Str.,49.40791140,11.09998789,,
de:09564:1755:0:1,Nürnberg Falkenheim,49.39947040,11.08611791,,
de:09564:1755:0:2,Nürnberg Falkenheim,49.39990301,11.08636943,,
de:09564:1756:13:1,Nürnberg Saarbrückener Str.,49.40633905,11.08673774,,Parentde:09564:1756
de:09564:1756:13:2,Nürnberg Saarbrückener Str.,49.40621630,11.08758216,,Parentde:09564:1756
de:09564:1757:13:1,Nürnberg Südfriedhof,49.41024352,11.08300974,,Parentde:09564:1757
de:09564:1757:13:2,Nürnberg Südfriedhof,49.41092151,11.08291990,,Parentde:09564:1757
de:09564:1758:13:1,Nürnberg Finkenbrunn,49.41424704,11.07929071,,Parentde:09564:1758
de:09564:1758:13:2,Nürnberg Finkenbrunn,49.41543926,11.07993750,,Parentde:09564:1758
de:09564:1758:13:4,Nürnberg Finkenbrunn,49.41436977,11.07864392,,Parentde:09564:1758
de:09564:1758:13:5,Nürnberg Finkenbrunn,49.41400742,11.07883257,,Parentde:09564:1758
de:09564:1759:0:1,Nürnberg Am Ludwigskanal,49.41184497,11.07567050,,
de:09564:1759:0:2,Nürnberg Am Ludwigskanal,49.41198524,11.07672153,,
de:09564:1760:0:1,Nürnberg Rotterdamer Str.,49.40605848,11.06645378,,
de:09564:1760:0:2,Nürnberg Rotterdamer Str.,49.40562008,11.06567225,,
de:09564:1761:0:1,Nürnberg Bremer Str.,49.40590066,11.06257306,,
de:09564:1761:0:2,Nürnberg Bremer Str.,49.40558501,11.06304019,,
de:09564:1762:0:1,Nürnberg Lechstr.,49.40642673,11.05791979,,
de:09564:1762:0:2,Nürnberg Lechstr.,49.40608186,11.05853963,,
de:09564:1763:0:1,Nürnberg Hamburger Str.,49.40701125,11.05356296,,Parentde:09564:1763
de:09564:1763:0:2,Nürnberg Hamburger Str.,49.40657871,11.05438941,,Parentde:09564:1763
de:09564:1763:0:3,Nürnberg Hamburger Str.,49.40626891,11.05372466,,Parentde:09564:1763
de:09564:1763:0:4,Nürnberg Hamburger Str.,49.40632152,11.05392229,,Parentde:09564:1763
de:09564:1764:13:1,Nürnberg Am Rangierbahnhof,49.41960013,11.08247075,,Parentde:09564:1764
de:09564:1764:13:2,Nürnberg Am Rangierbahnhof,49.41977544,11.08311753,,Parentde:09564:1764
de:09564:1765:13:1,Nürnberg Trafowerk,49.42302440,11.08488721,,Parentde:09564:1765
de:09564:1765:13:2,Nürnberg Trafowerk,49.42364963,11.08556095,,Parentde:09564:1765
de:09564:1766:0:1,Nürnberg Minervaplatz,49.41885798,11.07269708,,
de:09564:1767:0:1,Nürnberg Bremer Str. Wende,49.39401572,11.05996795,,
de:09564:1768:0:1,Nürnberg Heistersteg,49.42408787,11.06317493,,
de:09564:1768:0:2,Nürnberg Heistersteg,49.42450273,11.06367799,,
de:09564:1769:0:1,Nürnberg Schulcampus Werderau,49.42064030,11.06112677,,
de:09564:1769:0:2,Nürnberg Schulcampus Werderau,49.42066367,11.06139627,,
de:09564:1770:0:1,Nürnberg An der Marterlach,49.41894564,11.05840488,,
de:09564:1771:0:1,Nürnberg Alpenrosenweg,49.41633341,11.05959066,,
de:09564:1772:13:1,Nürnberg Wacholderweg,49.41667821,11.06210594,,
de:09564:1773:0:1,Nürnberg Akeleiweg,49.41909173,11.06152203,,
de:09564:1774:0:1,Nürnberg Oskar-v.-Miller-Str.,49.42694508,11.10407523,,
de:09564:1774:0:2,Nürnberg Oskar-v.-Miller-Str.,49.42710868,11.10419201,,
de:09564:1777:0:1,Nürnberg Mülheimer Str.,49.40017193,11.05244007,,
de:09564:1777:0:2,Nürnberg Mülheimer Str.,49.40052269,11.05283532,,
de:09564:1781:0:1,Nürnberg Koblenzer Str.,49.39037308,11.04960139,,
de:09564:1781:0:2,Nürnberg Koblenzer Str.,49.39116829,11.05002360,,
de:09564:1783:0:1,Nürnberg Preßburger Str.,49.38661907,11.05597943,,Parentde:09564:1783
de:09564:1783:0:2,Nürnberg Preßburger Str.,49.38681204,11.05534162,,Parentde:09564:1783
de:09564:1786:0:1,Nürnberg Zollamt-Hafen,49.39809656,11.05186514,,
de:09564:1786:0:2,Nürnberg Zollamt-Hafen,49.39855841,11.05222447,,
de:09564:1787:0:1,Nürnberg Rheinstr.,49.41224240,11.06058779,,
de:09564:1787:0:2,Nürnberg Rheinstr.,49.41203200,11.06021948,,
de:09564:1788:0:1,Nürnberg Bochumer Str.,49.39465301,11.05089496,,
de:09564:1788:0:2,Nürnberg Bochumer Str.,49.39488103,11.05116446,,
de:09564:1789:0:1,Nürnberg Donaustr.,49.41081631,11.05483857,,
de:09564:1789:0:2,Nürnberg Donaustr.,49.41087476,11.05537756,,
de:09564:1790:0:1,Nürnberg Maiach,49.41017339,11.06500750,,
de:09564:1790:0:2,Nürnberg Maiach,49.40970580,11.06509733,,
de:09564:1791:0:1,Nürnberg Linzer Str.,49.38601091,11.06295934,,
de:09564:1791:0:2,Nürnberg Linzer Str.,49.38617465,11.06220475,,
de:09564:1792:0:1,Nürnberg Duisburger Str.,49.40334035,11.05344618,,
de:09564:1792:0:2,Nürnberg Duisburger Str.,49.40363263,11.05367076,,
de:09564:1793:0:1,Nürnberg Triester Str. Nord,49.40274994,11.05837793,,
de:09564:1793:0:2,Nürnberg Triester Str. Nord,49.40252196,11.05781199,,
de:09564:1794:0:1,Nürnberg Triester Str. Süd,49.39734824,11.06046202,,
de:09564:1794:0:2,Nürnberg Triester Str. Süd,49.39740085,11.06048897,,
de:09564:1795:0:1,"Nürnberg, Wertachstraße",49.40962982,11.05024818,,
de:09564:1795:0:2,"Nürnberg, Wertachstraße",49.40969996,11.05006851,,
de:09564:1796:0:1,Nürnberg Koperstr.,49.40247519,11.06208797,,
de:09564:1796:0:2,Nürnberg Koperstr.,49.40253365,11.06235747,,
de:09564:1810:13:1,"Nürnberg, Katzwang Bahnhof",49.35504360,11.04383421,,Parentde:09564:1810
de:09564:1810:13:2,"Nürnberg, Katzwang Bahnhof",49.35508456,11.04388810,,Parentde:09564:1810
de:09564:1813:0:41,Nürnberg Katzwang Sportplatz,49.35279078,11.04871206,,
de:09564:1849:0:1,Nürnberg Kornburg Nord,49.36081270,11.09745464,,
de:09564:1849:0:2,Nürnberg Kornburg Nord,49.36074249,11.09766126,,
de:09564:1850:0:1,Nürnberg Vorjurastr.,49.37436682,11.04104045,,
de:09564:1850:0:2,Nürnberg Vorjurastr.,49.37439607,11.04125604,,
de:09564:1851:0:1,Nürnberg Kellerstr.,49.36824248,11.04599016,,
de:09564:1851:0:2,Nürnberg Kellerstr.,49.36827758,11.04607101,,
de:09564:1852:0:1,Nürnberg Appelstr.,49.36586741,11.04832578,,Parentde:09564:1852
de:09564:1852:0:2,Nürnberg Appelstr.,49.36545206,11.04883782,,Parentde:09564:1852
de:09564:1853:0:1,Nürnberg Lausitzer Str.,49.36066643,11.05070632,,
de:09564:1853:0:2,Nürnberg Lausitzer Str.,49.36046750,11.05104768,,
de:09564:1854:0:1,Nürnberg Katzwang Hallenbad,49.35557607,11.05303295,,
de:09564:1854:0:2,Nürnberg Katzwang Hallenbad,49.35660003,11.05278143,,
de:09564:1855:0:1,Nürnberg Katzwang Mitte,49.35135711,11.05633875,,
de:09564:1855:0:2,Nürnberg Katzwang Mitte,49.35141562,11.05658130,,
de:09564:1856:0:1,Nürnberg Hugo-Wolf-Str.,49.34755915,11.05878217,,Parentde:09564:1856
de:09564:1856:0:2,Nürnberg Hugo-Wolf-Str.,49.34761182,11.05898878,,Parentde:09564:1856
de:09564:1856:0:3,Nürnberg Hugo-Wolf-Str.,49.34775812,11.05833301,,Parentde:09564:1856
de:09564:1856:0:4,Nürnberg Hugo-Wolf-Str.,49.34795710,11.05913251,,Parentde:09564:1856
de:09564:1857:13:2,Nürnberg Strawinskystr.,49.34833749,11.06330968,,
de:09564:1858:0:1,Nürnberg Katzwang Süd,49.34590879,11.06043507,,Parentde:09564:1858
de:09564:1858:0:2,Nürnberg Katzwang Süd,49.34599072,11.06059677,,Parentde:09564:1858
de:09564:1858:0:3,Nürnberg Katzwang Süd,49.34641795,11.06195322,,Parentde:09564:1858
de:09564:1858:0:4,Nürnberg Katzwang Süd,49.34560446,11.06046202,,Parentde:09564:1858
de:09564:1859:0:1,Nürnberg Greuth,49.34570980,11.07788934,,
de:09564:1859:0:2,Nürnberg Greuth,49.34579174,11.07775459,,
de:09564:1860:0:1,Nürnb. Kornburg Schleife,49.35097674,11.09985315,,
de:09564:1861:0:41,Nürnberg Kornburg Süd,49.35167310,11.10018552,,Parentde:09564:1861
de:09564:1861:0:42,Nürnberg Kornburg Süd,49.35159118,11.10023942,,Parentde:09564:1861
de:09564:1863:0:2,Nürnberg Schenkendorfstr.,49.35806280,11.09728396,,Parentde:09564:1863
de:09564:1863:0:41,Nürnberg Schenkendorfstr.,49.35776440,11.09780499,,Parentde:09564:1863
de:09564:1863:0:42,Nürnberg Schenkendorfstr.,49.35784632,11.09771516,,Parentde:09564:1863
de:09564:1864:0:1,Nürnberg Worzeldorf Hauptstr.,49.37340172,11.09936806,,
de:09564:1864:0:2,Nürnberg Worzeldorf Hauptstr.,49.37286944,11.09964653,,
de:09564:1865:0:1,Nürnberg Bayernlinie,49.38330922,11.10595271,,
de:09564:1865:0:2,Nürnberg Bayernlinie,49.38312208,11.10594372,,
de:09564:1866:0:1,Nürnberg Habermannstr.,49.36987454,11.09621497,,Parentde:09564:1866
de:09564:1866:0:2,Nürnberg Habermannstr.,49.37015532,11.09407698,,Parentde:09564:1866
de:09564:1867:0:1,Nürnberg Worzeldorf Schule,49.37042440,11.08671978,,
de:09564:1867:0:2,Nürnberg Worzeldorf Schule,49.37058819,11.08723182,,
de:09564:1868:0:1,Nürnberg Herpersdorf,49.37117314,11.07820375,,Parentde:09564:1868
de:09564:1868:0:2,Nürnberg Herpersdorf,49.37138957,11.07808697,,Parentde:09564:1868
de:09564:1869:0:1,Nürnberg Memminger Str.,49.36827758,11.07588609,,
de:09564:1869:0:2,Nürnberg Memminger Str.,49.36794999,11.07613762,,
de:09564:1870:0:1,Nürnberg Gaulnhofen,49.36555736,11.07578728,,
de:09564:1870:0:2,Nürnberg Gaulnhofen,49.36495479,11.07609271,,
de:09564:1871:0:1,Nürnberg Roter Bühl,49.35916278,11.06904992,,
de:09564:1871:0:2,Nürnberg Roter Bühl,49.35911597,11.06916670,,
de:09564:1872:0:1,Nürnberg An der Bergleite,49.35323550,11.06072253,,
de:09564:1872:0:2,Nürnberg An der Bergleite,49.35311847,11.06081236,,
de:09564:1873:0:1,Nürnberg Sigmund-Freud-Str.,49.37143051,11.07259826,,
de:09564:1873:0:2,Nürnberg Sigmund-Freud-Str.,49.37154750,11.07295759,,
de:09564:1874:0:1,Nürnberg Stockweiher,49.37277586,11.06400138,,Parentde:09564:1874
de:09564:1874:0:2,Nürnberg Stockweiher,49.37286944,11.06410918,,Parentde:09564:1874
de:09564:1875:0:1,Nürnberg Weiherhaus,49.37578812,11.06668735,,
de:09564:1875:0:2,Nürnberg Weiherhaus,49.37579397,11.06698379,,
de:09564:1876:0:1,Nürnberg Propsteistr.,49.37920960,11.06710955,,Parentde:09564:1876
de:09564:1876:0:2,Nürnberg Propsteistr.,49.37904585,11.06733413,,Parentde:09564:1876
de:09564:1876:0:3,Nürnberg Propsteistr.,49.37951372,11.06763058,,Parentde:09564:1876
de:09564:1876:0:4,Nürnberg Propsteistr.,49.37970087,11.06811567,,Parentde:09564:1876
de:09564:1877:0:1,Nürnberg Königshof,49.38513376,11.07302945,,Parentde:09564:1877
de:09564:1877:0:2,Nürnberg Königshof,49.38505773,11.07311928,,Parentde:09564:1877
de:09564:1877:0:3,Nürnberg Königshof,49.38487645,11.07315522,,Parentde:09564:1877
de:09564:1878:0:1,Nürnberg Föhrenbuck,49.39088178,11.08121310,,
de:09564:1878:0:2,Nürnberg Föhrenbuck,49.39082916,11.08154548,,
de:09564:1879:0:1,Nürnberg Steinbrüchlein,49.38833238,11.11127972,,
de:09564:1879:0:2,Nürnberg Steinbrüchlein,49.38841425,11.11173786,,
de:09564:1880:0:1,Nürnberg Kellermannstr.,49.35726706,11.10356319,,
de:09564:1880:0:2,Nürnberg Kellermannstr.,49.35747770,11.10349132,,
de:09564:1881:0:1,Nürnberg Röthestr.,49.37133692,11.08322533,,
de:09564:1881:0:2,Nürnberg Röthestr.,49.37169373,11.08168921,,
de:09564:1883:0:1,Nürnberg Hordlerstr.,49.37974181,11.07131367,,
de:09564:1883:0:2,Nürnberg Hordlerstr.,49.38010441,11.07191554,,
de:09564:1885:0:1,Nürnberg Burkhardtstr.,49.37862475,11.07452964,,
de:09564:1887:0:1,Nürnberg Pillenreuth,49.38077112,11.07523931,,
de:09564:1912:3:1,Nürnberg Reichelsdorf Bahnhof,49.38262500,11.03778854,,Parentde:09564:1912
de:09564:1912:3:2,Nürnberg Reichelsdorf Bahnhof,49.38254312,11.03936958,,Parentde:09564:1912
de:09564:1912:3:4,Nürnberg Reichelsdorf Bahnhof,49.38180041,11.03733040,,Parentde:09564:1912
de:09564:1913:3:1,Nürnberg Eibach Bahnhof,49.41002142,11.04711306,,
de:09564:1915:3:1,Nürnberg Eibach Bf / Hafenstr.,49.40835562,11.04862223,,
de:09564:1915:3:2,Nürnberg Eibach Bf / Hafenstr.,49.40812182,11.04668187,,
de:09564:1917:0:1,Nürnberg Pommernstr./BBW,49.41349312,11.04357369,,
de:09564:1917:0:2,Nürnberg Pommernstr./BBW,49.41349312,11.04380726,,
de:09564:1918:0:1,Nürnberg Eichstätter Platz,49.38289985,11.03748312,,
de:09564:1921:0:1,Nürnberg Solnhofener Str.,49.38266593,11.03516546,,
de:09564:1921:0:2,Nürnberg Solnhofener Str.,49.38271857,11.03501275,,
de:09564:1923:0:1,Nürnberg Waldstromerstr.,49.38274196,11.03716871,,
de:09564:1931:0:1,Nürnberg Lohhof,49.38874170,11.02359516,,Parentde:09564:1931
de:09564:1931:0:2,Nürnberg Lohhof,49.38861890,11.02355923,,Parentde:09564:1931
de:09564:1933:0:1,Nürnberg Krottenbach Nord,49.38375366,11.01539354,,
de:09564:1933:0:2,Nürnberg Krottenbach Nord,49.38376536,11.01560016,,
de:09564:1934:0:1,Nürnberg Krottenbach Mitte,49.38103429,11.01300403,,
de:09564:1934:0:2,Nürnberg Krottenbach Mitte,49.38157233,11.01262673,,
de:09564:1934:0:3,Nürnberg Krottenbach Mitte,49.38081206,11.01253690,,
de:09564:1936:0:1,Nürnberg Drahtzieherstr.,49.37714505,11.02225667,,
de:09564:1936:0:2,Nürnberg Drahtzieherstr.,49.37767728,11.02198718,,
de:09564:1940:0:1,Nürnberg Reichelsd. Hauptstr.,49.38439108,11.03122186,,
de:09564:1940:0:2,Nürnberg Reichelsd. Hauptstr.,49.38465424,11.03149135,,
de:09564:1941:0:1,Nürnberg Charkovstr.,49.42010853,11.03989060,,
de:09564:1941:0:2,Nürnberg Charkovstr.,49.42025462,11.03989958,,
de:09564:1942:0:1,Nürnberg Prager Str.,49.41870020,11.04235199,,
de:09564:1942:0:2,Nürnberg Prager Str.,49.41903329,11.04245978,,
de:09564:1943:0:1,Nürnberg Glasgowstr.,49.41691197,11.04127401,,Parentde:09564:1943
de:09564:1943:0:2,Nürnberg Glasgowstr.,49.41679509,11.04141774,,Parentde:09564:1943
de:09564:1944:0:1,Nürnberg Geraer Str.,49.42003841,11.03682735,,Parentde:09564:1944
de:09564:1944:0:2,Nürnberg Geraer Str.,49.42023709,11.03677345,,Parentde:09564:1944
de:09564:1945:0:1,Nürnberg Skopjestr.,49.41560874,11.04264843,,
de:09564:1945:0:2,Nürnberg Skopjestr.,49.41567887,11.04282809,,
de:09564:1946:0:1,Nürnberg Koppenhof Wende,49.38810433,11.03221899,,
de:09564:1949:0:1,Nürnberg Mühlfeldstr.,49.39921318,11.03714176,,
de:09564:1949:0:2,Nürnberg Mühlfeldstr.,49.39958733,11.03725854,,
de:09564:1950:0:1,Nürnberg Holzheim,49.37385210,11.02606553,,Parentde:09564:1950
de:09564:1950:0:2,Nürnberg Holzheim,49.37412116,11.02614638,,Parentde:09564:1950
de:09564:1951:0:1,Nürnberg Mühlhof,49.37663621,11.02529298,,Parentde:09564:1951
de:09564:1951:0:2,Nürnberg Mühlhof,49.37613321,11.02564332,,Parentde:09564:1951
de:09564:1952:0:1,Nürnberg Reichelsdorf Süd,49.37908094,11.02929946,,
de:09564:1952:0:2,Nürnberg Reichelsdorf Süd,49.37912188,11.02955998,,
de:09564:1953:0:1,Nürnberg Furtenbachstr.,49.38173023,11.03035049,,Parentde:09564:1953
de:09564:1953:0:2,Nürnberg Furtenbachstr.,49.38150215,11.03043134,,Parentde:09564:1953
de:09564:1953:0:3,Nürnberg Furtenbachstr.,49.38168345,11.03075474,,Parentde:09564:1953
de:09564:1954:0:1,Nürnberg Holzheim Schleife,49.37409777,11.02591282,,
de:09564:1955:0:1,Nürnberg Altmühlweg,49.38656644,11.03711481,,
de:09564:1955:0:2,Nürnberg Altmühlweg,49.38656644,11.03733040,,
de:09564:1956:0:1,Nürnberg Koppenhof,49.38769501,11.03250645,,
de:09564:1956:0:2,Nürnberg Koppenhof,49.38825637,11.03286578,,
de:09564:1956:0:3,Nürnberg Koppenhof,49.38784705,11.03326103,,
de:09564:1957:0:1,Nürnberg Einsteinring,49.39150742,11.03376409,,
de:09564:1957:0:2,Nürnberg Einsteinring,49.39146649,11.03398867,,
de:09564:1958:0:1,Nürnberg Königshofer Weg,49.39544815,11.03804007,,
de:09564:1958:0:2,Nürnberg Königshofer Weg,49.39492780,11.03830058,,
de:09564:1959:0:1,Nürnberg Eibach Mitte,49.40261549,11.03535411,,
de:09564:1959:0:2,Nürnberg Eibach Mitte,49.40245765,11.03564157,,
de:09564:1960:0:1,Nürnberg Castellstr.,49.40513492,11.03498580,,
de:09564:1960:0:2,Nürnberg Castellstr.,49.40564346,11.03515648,,
de:09564:1961:0:1,Nürnberg Schußleitenweg,49.40889336,11.03494088,,Parentde:09564:1961
de:09564:1961:0:2,Nürnberg Schußleitenweg,49.40872386,11.03543496,,Parentde:09564:1961
de:09564:1961:0:3,Nürnberg Schußleitenweg,49.40783541,11.03609073,,Parentde:09564:1961
de:09564:1962:0:1,Nürnberg Schulzentr. Südwest,49.41139493,11.04301674,,Parentde:09564:1962
de:09564:1962:0:2,Nürnberg Schulzentr. Südwest,49.41176315,11.04328623,,Parentde:09564:1962
de:09564:1962:0:3,Nürnberg Schulzentr. Südwest,49.41182159,11.04277419,,Parentde:09564:1962
de:09564:1962:0:4,Nürnberg Schulzentr. Südwest,49.41117868,11.04297182,,Parentde:09564:1962
de:09564:1963:0:1,Nürnberg Heidestr.,49.40782957,11.04023196,,
de:09564:1963:0:2,Nürnberg Heidestr.,49.40753731,11.04120214,,
de:09564:1964:0:1,Nürnberg Zwieselbachweg,49.41404249,11.03180576,,
de:09564:1964:0:2,Nürnberg Zwieselbachweg,49.41417691,11.03158119,,
de:09564:1965:0:1,Nürnberg Jägerstr.,49.41335870,11.03434800,,
de:09564:1965:0:2,Nürnberg Jägerstr.,49.41387300,11.03512953,,
de:09564:1965:0:3,Nürnberg Jägerstr.,49.41375611,11.03406952,,
de:09564:1966:0:1,Nürnberg Röthenb. Hauptstr.,49.41813335,11.03235374,,
de:09564:1966:0:2,Nürnberg Röthenb. Hauptstr.,49.41799894,11.03216509,,
de:09564:1967:0:1,Nürnberg Ellingstr.,49.41647951,11.03625242,,
de:09564:1967:0:2,Nürnberg Ellingstr.,49.41690613,11.03649497,,
de:09564:1968:0:1,Nürnberg Kammersteiner Str.,49.42402944,11.03877669,,
de:09564:1968:0:2,Nürnberg Kammersteiner Str.,49.42403528,11.03822872,,
de:09564:1969:0:10,Nürnberg Hohe Marter Süd,49.42704440,11.04207351,,
de:09564:1969:0:11,Nürnberg Hohe Marter Süd,49.42734239,11.04288199,,
de:09564:1970:3:10,Nürnberg Röthenbach,49.42106103,11.03224594,,Parentde:09564:1970
de:09564:1970:3:12,Nürnberg Röthenbach,49.42080391,11.03186865,,Parentde:09564:1970
de:09564:1970:3:13,Nürnberg Röthenbach,49.42018450,11.03267713,,Parentde:09564:1970
de:09564:1970:3:14,Nürnberg Röthenbach,49.42057017,11.03356646,,Parentde:09564:1970
de:09564:1970:3:15,Nürnberg Röthenbach,49.42077470,11.03244357,,Parentde:09564:1970
de:09564:1970:3:7,Nürnberg Röthenbach,49.42142917,11.03235374,,Parentde:09564:1970
de:09564:1970:3:8,Nürnberg Röthenbach,49.42132983,11.03243458,,Parentde:09564:1970
de:09564:1970:3:9,Nürnberg Röthenbach,49.42107272,11.03267713,,Parentde:09564:1970
de:09564:1971:0:1,Nürnberg Schnelldorfer Str.,49.42054680,11.02705368,,
de:09564:1971:0:2,Nürnberg Schnelldorfer Str.,49.42048252,11.02799691,,
de:09564:1972:0:1,Nürnberg Tauberstr.,49.42498770,11.02385567,,
de:09564:1972:0:2,Nürnberg Tauberstr.,49.42512793,11.02387364,,
de:09564:1973:0:1,Nürnberg Sinbronner Str.,49.42311205,11.01939105,,Parentde:09564:1973
de:09564:1973:0:2,Nürnberg Sinbronner Str.,49.42324645,11.01976834,,Parentde:09564:1973
de:09564:1974:0:1,Nürnberg Rangaustr.,49.41995075,11.01848375,,Parentde:09564:1974
de:09564:1974:0:2,Nürnberg Rangaustr.,49.41978713,11.01829510,,Parentde:09564:1974
de:09564:1974:0:3,Nürnberg Rangaustr.,49.42037734,11.01861850,,Parentde:09564:1974
de:09564:1974:0:4,Nürnberg Rangaustr.,49.42042408,11.01832205,,Parentde:09564:1974
de:09564:1976:0:1,Nürnberg Hügelstr.,49.42420473,11.01048874,,Parentde:09564:1976
de:09564:1976:0:2,Nürnberg Hügelstr.,49.42407034,11.01050671,,Parentde:09564:1976
de:09564:1977:0:1,Nürnberg Glafeystr.,49.42574729,11.00776685,,
de:09564:1977:0:2,Nürnberg Glafeystr.,49.42528570,11.00807227,,
de:09564:1978:0:1,Nürnberg Bibertstr.,49.42923540,11.00512580,,Parentde:09564:1978
de:09564:1978:0:2,Nürnberg Bibertstr.,49.42900170,11.00515275,,Parentde:09564:1978
de:09564:1979:0:1,Nürnberg Hohenecker Weg,49.43174762,11.00186492,,
de:09564:1979:0:2,Nürnberg Hohenecker Weg,49.43161909,11.00169424,,
de:09564:1980:0:1,Nürnberg Cadolzburger Str.,49.43466865,10.99792131,,
de:09564:1980:0:2,Nürnberg Cadolzburger Str.,49.43460439,10.99772368,,
de:09564:1981:0:1,Nürnberg Püttlachweg,49.42679901,11.01090197,,
de:09564:1981:0:2,Nürnberg Püttlachweg,49.42707946,11.01274351,,
de:09564:1982:0:1,Nürnberg Rezatweg,49.42978459,11.01624694,,
de:09564:1982:0:2,Nürnberg Rezatweg,49.42967359,11.01641762,,
de:09564:1983:0:1,Nürnberg Uffenheimer Str.,49.43210400,11.01970546,,
de:09564:1983:0:2,Nürnberg Uffenheimer Str.,49.43219747,11.02019953,,
de:09564:1984:0:1,Nürnberg Alte Wallensteinstr.,49.43514184,11.02376584,,
de:09564:1984:0:2,Nürnberg Alte Wallensteinstr.,49.43493737,11.02378381,,
de:09564:1985:0:1,Nürnberg Bayerischer Rundfunk,49.43659059,11.02791606,,
de:09564:1985:0:2,Nürnberg Bayerischer Rundfunk,49.43635108,11.02759267,,
de:09564:1986:0:1,Nürnberg Tillystr.,49.43777643,11.03203034,,
de:09564:1986:0:2,Nürnberg Tillystr.,49.43771217,11.03237170,,
de:09564:1987:0:1,Nürnberg Am Tillypark,49.43376899,11.03397070,,Parentde:09564:1987
de:09564:1987:0:2,Nürnberg Am Tillypark,49.43386830,11.03423122,,Parentde:09564:1987
de:09564:1988:0:1,Nürnberg Kirchhoffstr.,49.43194626,11.02856285,,
de:09564:1988:0:2,Nürnberg Kirchhoffstr.,49.43182941,11.02869759,,
de:09564:1989:0:1,Nürnberg Edisonstr.,49.43390335,11.02293939,,
de:09564:1989:0:2,Nürnberg Edisonstr.,49.43370473,11.02295736,,
de:09564:1990:0:1,Nürnberg Stein Schloss,49.41840801,11.02169073,,
de:09564:1990:0:2,Nürnberg Stein Schloss,49.41819179,11.02170870,,
de:09564:1991:0:1,Nürnberg Feuchtwanger Str.,49.42335163,11.02758368,,
de:09564:1991:0:2,Nürnberg Feuchtwanger Str.,49.42369053,11.02731419,,
de:09564:1992:0:1,Nürnberg Landesgewerbeanstalt,49.43549819,11.03272205,,
de:09564:1992:0:2,Nürnberg Landesgewerbeanstalt,49.43567928,11.03282984,,
de:09564:1993:0:1,Nürnberg Willstätterstr.,49.42599854,11.01504320,,
de:09564:1993:0:2,Nürnberg Willstätterstr.,49.42608034,11.01538456,,
de:09564:1994:0:1,Nürnberg Südwestpark,49.42824216,11.01793578,,
de:09564:1994:0:2,Nürnberg Südwestpark,49.42775722,11.01820527,,
de:09564:1995:0:1,Nürnberg Insinger Str.,49.42166291,11.03226390,,
de:09564:1996:0:1,Nürnberg Kuglerstr.,49.42243423,11.01439641,,
de:09564:1996:0:2,Nürnberg Kuglerstr.,49.42207194,11.01495337,,
de:09564:1998:0:1,Nürnberg Hansastr.,49.42774553,11.04033976,,
de:09564:1998:0:2,Nürnberg Hansastr.,49.42759362,11.03984569,,
de:09564:230:13:2,Nürnberg Bucher Str./Nordring,49.46940382,11.06724430,,Parentde:09564:230
de:09564:230:13:3,Nürnberg Bucher Str./Nordring,49.46931041,11.06861872,,Parentde:09564:230
de:09564:232:13:8,Nürnberg Friedrich-Ebert-Platz,49.46255567,11.07087350,,Parentde:09564:232
de:09564:234:13:1,Nürnberg Hallertor,49.45492993,11.07072078,,Parentde:09564:234
de:09564:234:13:2,Nürnberg Hallertor,49.45504672,11.07071180,,Parentde:09564:234
de:09564:235:13:1,Nürnberg Westfriedhof,49.46134124,11.04927800,,Parentde:09564:235
de:09564:235:13:2,Nürnberg Westfriedhof,49.46171491,11.04933190,,Parentde:09564:235
de:09564:237:13:1,Nürnberg St. Johannisfriedhof,49.45974141,11.06058779,,Parentde:09564:237
de:09564:237:13:2,Nürnberg St. Johannisfriedhof,49.45974725,11.06056982,,Parentde:09564:237
de:09564:251:0:1,Nürnberg Westfriedh. Kreuzung,49.46344896,11.05188311,,
de:09564:251:0:2,Nürnberg Westfriedh. Kreuzung,49.46307530,11.05087700,,
de:09564:251:0:3,Nürnberg Westfriedh. Kreuzung,49.46354822,11.05097581,,
de:09564:253:0:1,Nürnberg Lerchenbühlstr.,49.46686434,11.06170170,,
de:09564:253:0:2,Nürnberg Lerchenbühlstr.,49.46706283,11.06109084,,
de:09564:255:0:1,Nürnberg Röthensteig,49.46940382,11.07432303,,
de:09564:255:0:2,Nürnberg Röthensteig,49.46959062,11.07533812,,
de:09564:256:0:1,Nürnberg Großweidenmühlstr.,49.45711384,11.05916845,,
de:09564:256:0:2,Nürnberg Großweidenmühlstr.,49.45749922,11.05906065,,
de:09564:258:13:1,Nürnberg Klinikum Nord,49.46161566,11.06498953,,Parentde:09564:258
de:09564:258:13:2,Nürnberg Klinikum Nord,49.46184920,11.06585191,,Parentde:09564:258
de:09564:259:0:41,Nürnberg Lange Zeile,49.46184336,11.06636395,,
de:09564:261:0:1,Nürnberg Klinikum Süd,49.41400742,11.14881133,,
de:09564:271:13:1,Nürnberg Arno-Hamburger-Str.,49.47454076,11.10094011,,
de:09564:271:13:2,Nürnberg Arno-Hamburger-Str.,49.47472755,11.10224267,,
de:09564:275:13:6,Nürnberg Nordwestring,49.46563833,11.05521586,,Parentde:09564:275
de:09564:275:13:7,Nürnberg Nordwestring,49.46547486,11.05407500,,Parentde:09564:275
de:09564:275:13:8,Nürnberg Nordwestring,49.46584851,11.05418280,,Parentde:09564:275
de:09564:331:13:6,"Nürnberg, Maxfeld",49.46316288,11.08548010,,Parentde:09564:331
de:09564:331:13:7,"Nürnberg, Maxfeld",49.46313952,11.08531841,,Parentde:09564:331
de:09564:332:13:11,Nürnberg Rathenauplatz,49.45690363,11.08914523,,Parentde:09564:332
de:09564:332:13:12,Nürnberg Rathenauplatz,49.45683939,11.08912726,,Parentde:09564:332
de:09564:336:13:1,Nürnberg Tauroggenstr.,49.46035449,11.10593474,,Parentde:09564:336
de:09564:336:13:2,Nürnberg Tauroggenstr.,49.46091501,11.10584491,,Parentde:09564:336
de:09564:336:13:41,Nürnberg Tauroggenstr.,49.46086246,11.10700374,,Parentde:09564:336
de:09564:338:0:1,Nürnberg Maxfeldstr.,49.46091501,11.08389907,,Parentde:09564:338
de:09564:338:0:2,Nürnberg Maxfeldstr.,49.46075153,11.08221922,,Parentde:09564:338
de:09564:341:3:6,Nürnberg Schoppershof,49.46496694,11.10107486,,Parentde:09564:341
de:09564:341:3:7,Nürnberg Schoppershof,49.46517127,11.10133537,,Parentde:09564:341
de:09564:350:0:1,Nürnberg Rollnerstr./Nordring,49.46935712,11.08191379,,Parentde:09564:350
de:09564:350:0:2,Nürnberg Rollnerstr./Nordring,49.46960230,11.08085378,,Parentde:09564:350
de:09564:350:0:3,Nürnberg Rollnerstr./Nordring,49.46975408,11.08162633,,Parentde:09564:350
de:09564:350:0:4,Nürnberg Rollnerstr./Nordring,49.46891345,11.08127599,,Parentde:09564:350
de:09564:351:0:1,Nürnberg Martinskirche,49.46608203,11.08221023,,Parentde:09564:351
de:09564:351:0:2,Nürnberg Martinskirche,49.46598278,11.08228210,,Parentde:09564:351
de:09564:352:0:1,Nürnberg Friedenstr.,49.46609955,11.08821996,,Parentde:09564:352
de:09564:352:0:2,Nürnberg Friedenstr.,49.46601781,11.08826488,,Parentde:09564:352
de:09564:352:0:3,Nürnberg Friedenstr.,49.46620463,11.08881285,,Parentde:09564:352
de:09564:352:0:4,Nürnberg Friedenstr.,49.46621047,11.08862421,,Parentde:09564:352
de:09564:353:0:1,Nürnberg Tellstr.,49.46777506,11.08930693,,Parentde:09564:353
de:09564:353:0:2,Nürnberg Tellstr.,49.46797355,11.08915421,,Parentde:09564:353
de:09564:354:73:1,Nürnberg Schopenhauerstr.,49.47018023,11.08927998,,Parentde:09564:354
de:09564:354:73:2,Nürnberg Schopenhauerstr.,49.47035536,11.08814810,,Parentde:09564:354
de:09564:354:73:3,Nürnberg Schopenhauerstr.,49.47076983,11.08859726,,Parentde:09564:354
de:09564:354:73:4,Nürnberg Schopenhauerstr.,49.47069978,11.08833674,,Parentde:09564:354
de:09564:355:0:1,Nürnberg Hintermayrstr.,49.47025028,11.09546937,,
de:09564:355:0:2,Nürnberg Hintermayrstr.,49.47045460,11.09423868,,
de:09564:356:0:1,Nürnberg Schillerplatz,49.46428969,11.08651316,,Parentde:09564:356
de:09564:356:0:2,Nürnberg Schillerplatz,49.46431888,11.08619875,,Parentde:09564:356
de:09564:360:0:1,Nürnberg Wöhrd,49.45404816,11.09569395,,
de:09564:360:0:2,Nürnberg Wöhrd,49.45414743,11.09548733,,
de:09564:361:0:1,Nürnberg Harmoniestr.,49.45535621,11.09125627,,
de:09564:361:0:2,Nürnberg Harmoniestr.,49.45551387,11.09137305,,
de:09564:362:0:1,Nürnberg Bismarckschule,49.46378175,11.10305115,,
de:09564:362:0:2,Nürnberg Bismarckschule,49.46448236,11.10274572,,
de:09564:363:0:1,Nürnberg Bauvereinstr.,49.45441605,11.09844279,,
de:09564:363:0:2,Nürnberg Bauvereinstr.,49.45460876,11.09798465,,
de:09564:364:0:1,Nürnberg Sebastianspital,49.45949034,11.10929444,,
de:09564:364:0:2,Nürnberg Sebastianspital,49.45968886,11.10840511,,
de:09564:365:0:1,Nürnberg Heinemannbrü.,49.45993409,11.11467535,,Parentde:09564:365
de:09564:365:0:2,Nürnberg Heinemannbrü.,49.45992241,11.11445975,,Parentde:09564:365
de:09564:365:0:3,Nürnberg Heinemannbrü.,49.45997496,11.11431602,,Parentde:09564:365
de:09564:365:0:4,Nürnberg Heinemannbrü.,49.45947282,11.11455857,,Parentde:09564:365
de:09564:365:0:5,Nürnberg Heinemannbrü.,49.45950785,11.11360635,,Parentde:09564:365
de:09564:366:0:1,Nürnberg Technische Hochschule,49.45069613,11.09703244,,Parentde:09564:366
de:09564:366:0:2,Nürnberg Technische Hochschule,49.45126845,11.09755346,,Parentde:09564:366
de:09564:411:3:1,"Nürnberg, Gleißhammer Bahnhof",49.44426591,11.11277990,,Parentde:09564:411
de:09564:411:3:2,"Nürnberg, Gleißhammer Bahnhof",49.44444113,11.11250143,,Parentde:09564:411
de:09564:420:0:1,Nürnberg Stephanstr.,49.44555669,11.09741871,,Parentde:09564:420
de:09564:420:0:2,Nürnberg Stephanstr.,49.44612907,11.09769719,,Parentde:09564:420
de:09564:420:0:3,Nürnberg Stephanstr.,49.44588961,11.09882008,,Parentde:09564:420
de:09564:420:0:4,Nürnberg Stephanstr.,49.44593049,11.09641260,,Parentde:09564:420
de:09564:427:3:N,Nürnberg Dürrenhof,49.44819072,11.09729295,,Parentde:09564:427
de:09564:427:3:S,Nürnberg Dürrenhof,49.44879227,11.09767922,,Parentde:09564:427
de:09564:435:3:1,Nürnberg Business Tower,49.45606277,11.11846624,,Parentde:09564:435
de:09564:435:3:2,Nürnberg Business Tower,49.45547883,11.11846624,,Parentde:09564:435
de:09564:437:13:1,Nürnberg Peterskirche,49.44268889,11.09978128,,Parentde:09564:437
de:09564:437:13:2,Nürnberg Peterskirche,49.44264216,11.10050892,,Parentde:09564:437
de:09564:441:3:1,Nürnberg Dutzendteich,49.43559165,11.11648096,,Parentde:09564:441
de:09564:441:3:2,Nürnberg Dutzendteich,49.43570265,11.11604977,,Parentde:09564:441
de:09564:443:13:1,Nürnberg Luitpoldhain,49.43635108,11.10923156,,Parentde:09564:443
de:09564:444:13:1,Nürnberg Meistersingerhalle,49.43809771,11.10603356,,Parentde:09564:444
de:09564:444:13:2,Nürnberg Meistersingerhalle,49.43850077,11.10567423,,Parentde:09564:444
de:09564:444:13:3,Nürnberg Meistersingerhalle,49.43784652,11.10641983,,Parentde:09564:444
de:09564:444:13:4,Nürnberg Meistersingerhalle,49.43773553,11.10666238,,Parentde:09564:444
de:09564:445:12:11,Nürnberg Platz d. Opfer d. F.,49.43872274,11.10173961,,Parentde:09564:445
de:09564:445:13:1,Nürnberg Platz d. Opfer d. F.,49.43855918,11.10385065,,Parentde:09564:445
de:09564:445:13:2,Nürnberg Platz d. Opfer d. F.,49.43909659,11.10313200,,Parentde:09564:445
de:09564:445:13:3,Nürnberg Platz d. Opfer d. F.,49.43853582,11.10102994,,Parentde:09564:445
de:09564:446:12:11,Nürnberg Holzgartenstr.,49.43757781,11.09688871,,Parentde:09564:446
de:09564:446:12:12,Nürnberg Holzgartenstr.,49.43765375,11.09724803,,Parentde:09564:446
de:09564:451:3:1,Nürnberg Ostring,49.45461460,11.11967897,,Parentde:09564:451
de:09564:451:3:2,Nürnberg Ostring,49.45443357,11.11935557,,Parentde:09564:451
de:09564:452:0:1,Nürnberg Gleißhammerstr.,49.45231378,11.12215832,,
de:09564:452:0:2,Nürnberg Gleißhammerstr.,49.45240138,11.12152051,,
de:09564:453:0:1,Nürnberg Passauer Str.,49.44843017,11.12263442,,
de:09564:453:0:2,Nürnberg Passauer Str.,49.44899083,11.12239188,,
de:09564:453:0:41,Nürnberg Passauer Str.,49.44745485,11.12219425,,
de:09564:454:0:1,Nürnberg Marienbader Str.,49.44283491,11.12105339,,Parentde:09564:454
de:09564:454:0:2,Nürnberg Marienbader Str.,49.44306854,11.12071203,,Parentde:09564:454
de:09564:454:0:3,Nürnberg Marienbader Str.,49.44246109,11.12144865,,Parentde:09564:454
de:09564:454:0:4,Nürnberg Marienbader Str.,49.44247861,11.12107135,,Parentde:09564:454
de:09564:455:0:1,Nürnberg Komotauer Str.,49.44348909,11.11808895,,
de:09564:455:0:2,Nürnberg Komotauer Str.,49.44360006,11.11824166,,
de:09564:457:0:1,Nürnberg Bestelmeyerstr.,49.44514785,11.10792002,,Parentde:09564:457
de:09564:457:0:2,Nürnberg Bestelmeyerstr.,49.44549245,11.10736306,,Parentde:09564:457
de:09564:458:0:1,Nürnberg Burgerstr.,49.44617579,11.10531490,,
de:09564:458:0:2,Nürnberg Burgerstr.,49.44635685,11.10529694,,
de:09564:459:0:1,Nürnberg Cramergasse,49.44604730,11.10142520,,
de:09564:459:0:2,Nürnberg Cramergasse,49.44614659,11.10119164,,
de:09564:460:0:1,Nürnberg Untere Baustr.,49.44614075,11.09356494,,
de:09564:460:0:2,Nürnberg Untere Baustr.,49.44633348,11.09319663,,
de:09564:462:0:1,Nürnberg Köhnstr.,49.44605898,11.08892065,,Parentde:09564:462
de:09564:462:0:2,Nürnberg Köhnstr.,49.44619915,11.08895658,,Parentde:09564:462
de:09564:463:0:1,Nürnberg Doku-Zentrum Nord,49.43505421,11.11239363,,
de:09564:464:13:2,Nürnberg Doku-Zentrum,49.43379236,11.10977055,,Parentde:09564:464
de:09564:464:2:1,Nürnberg Doku-Zentrum,49.43402604,11.11148633,,Parentde:09564:464
de:09564:465:0:1,Nürnberg Volksfestplatz,49.43279337,11.10791103,,
de:09564:465:0:2,Nürnberg Volksfestplatz,49.43305042,11.10771341,,
de:09564:466:13:1,Nürnberg Bayernstr.,49.43132114,11.10374285,,Parentde:09564:466
de:09564:466:13:2,Nürnberg Bayernstr.,49.43157235,11.10251216,,Parentde:09564:466
de:09564:466:13:3,Nürnberg Bayernstr.,49.43077780,11.10293437,,Parentde:09564:466
de:09564:466:13:4,Nürnberg Bayernstr.,49.43174178,11.10332963,,Parentde:09564:466
de:09564:510:3:D,Nürnberg Hbf,49.44725043,11.08188684,,Parentde:09564:510
de:09564:537:13:1,Nürnberg Brehmstr.,49.43511847,11.06725329,,Parentde:09564:537
de:09564:537:13:2,Nürnberg Brehmstr.,49.43520610,11.06739702,,Parentde:09564:537
de:09564:538:13:1,Nürnberg Alemannenstr.,49.43151977,11.06824143,,Parentde:09564:538
de:09564:538:13:2,Nürnberg Alemannenstr.,49.43090633,11.06685803,,Parentde:09564:538
de:09564:538:13:3,Nürnberg Alemannenstr.,49.43162493,11.06693887,,Parentde:09564:538
de:09564:539:2:1,Nürnberg Dianaplatz,49.42818373,11.06472004,,Parentde:09564:539
de:09564:539:2:2,Nürnberg Dianaplatz,49.42784486,11.06620226,,Parentde:09564:539
de:09564:539:2:3,Nürnberg Dianaplatz,49.42756441,11.06533987,,Parentde:09564:539
de:09564:539:2:4,Nürnberg Dianaplatz,49.42841744,11.06567225,,Parentde:09564:539
de:09564:541:13:1,Nürnberg Lothringer Str.,49.43029873,11.08082683,,Parentde:09564:541
de:09564:541:13:2,Nürnberg Lothringer Str.,49.43048568,11.08061123,,Parentde:09564:541
de:09564:545:13:41,Nürnberg Wodanstr.,49.43642702,11.09184017,,Parentde:09564:545
de:09564:545:13:42,Nürnberg Wodanstr.,49.43646207,11.09192102,,Parentde:09564:545
de:09564:546:13:1,Nürnberg Widhalmstr.,49.44544572,11.08625265,,Parentde:09564:546
de:09564:546:13:2,Nürnberg Widhalmstr.,49.44551581,11.08618079,,Parentde:09564:546
de:09564:547:13:1,Nürnberg Tristanstraße,49.43431813,11.09404105,,Parentde:09564:547
de:09564:547:13:2,Nürnberg Tristanstraße,49.43430645,11.09432851,,Parentde:09564:547
de:09564:555:0:1,Nürnberg Platenstr.,49.42346265,11.06839415,,
de:09564:555:0:2,Nürnberg Platenstr.,49.42333410,11.06915771,,
de:09564:557:0:1,Nürnberg Löffelholzstr.,49.42531491,11.07170893,,Parentde:09564:557
de:09564:557:0:2,Nürnberg Löffelholzstr.,49.42573560,11.07193351,,Parentde:09564:557
de:09564:558:0:1,Nürnberg Vogelweiherstr.,49.42972617,11.07112502,,Parentde:09564:558
de:09564:558:0:2,Nürnberg Vogelweiherstr.,49.42941068,11.07072078,,Parentde:09564:558
de:09564:558:0:3,Nürnberg Vogelweiherstr.,49.42922956,11.07157418,,Parentde:09564:558
de:09564:558:0:4,Nürnberg Vogelweiherstr.,49.42935809,11.07180774,,Parentde:09564:558
de:09564:559:0:1,Nürnberg Markgrafenstr.,49.43044479,11.07621847,,
de:09564:559:0:2,Nürnberg Markgrafenstr.,49.43088881,11.07693712,,
de:09564:561:17:4,"Nürnberg, Frankenstraße",49.42942236,11.08559688,,Parentde:09564:561
de:09564:561:3:10,"Nürnberg, Frankenstraße",49.42956842,11.08672876,,Parentde:09564:561
de:09564:561:3:6,"Nürnberg, Frankenstraße",49.42911855,11.08695334,,Parentde:09564:561
de:09564:561:3:7,"Nürnberg, Frankenstraße",49.42937562,11.08679164,,Parentde:09564:561
de:09564:561:3:8,"Nürnberg, Frankenstraße",49.42959179,11.08715097,,Parentde:09564:561
de:09564:561:3:9,"Nürnberg, Frankenstraße",49.42960932,11.08756419,,Parentde:09564:561
de:09564:562:0:1,Nürnberg Tiroler Str.,49.43029289,11.09344816,,
de:09564:562:0:2,Nürnberg Tiroler Str.,49.43050321,11.09309782,,
de:09564:563:0:1,Nürnberg Hiroshimaplatz,49.43104655,11.09808347,,
de:09564:563:0:2,Nürnberg Hiroshimaplatz,49.43128608,11.09581971,,
de:09564:563:0:3,Nürnberg Hiroshimaplatz,49.43149056,11.09643955,,
de:09564:601:13:6,Nürnberg Schweinau,49.43445250,11.04852341,,Parentde:09564:601
de:09564:601:13:8,Nürnberg Schweinau,49.43382157,11.04787662,,Parentde:09564:601
de:09564:648:0:1,Nürnberg Dr.-Luppe-Platz,49.43614078,11.06398342,,
de:09564:648:0:2,Nürnberg Dr.-Luppe-Platz,49.43622256,11.06417206,,
de:09564:651:0:1,Nürnberg Sandreuthstr.,49.43520610,11.06021049,,Parentde:09564:651
de:09564:651:0:2,Nürnberg Sandreuthstr.,49.43484390,11.05832403,,Parentde:09564:651
de:09564:652:0:1,Nürnberg Waldaustr.,49.43416624,11.05432653,,Parentde:09564:652
de:09564:652:0:2,Nürnberg Waldaustr.,49.43425387,11.05404805,,Parentde:09564:652
de:09564:654:13:10,"Nürnberg, Gustav-Adolf-Str.",49.43890382,11.03702498,,Parentde:09564:654
de:09564:654:13:11,"Nürnberg, Gustav-Adolf-Str.",49.43927767,11.03752803,,Parentde:09564:654
de:09564:654:13:13,"Nürnberg, Gustav-Adolf-Str.",49.43879284,11.03537208,,Parentde:09564:654
de:09564:654:13:6,"Nürnberg, Gustav-Adolf-Str.",49.43866433,11.03637819,,Parentde:09564:654
de:09564:654:13:7,"Nürnberg, Gustav-Adolf-Str.",49.43862344,11.03685430,,Parentde:09564:654
de:09564:654:13:8,"Nürnberg, Gustav-Adolf-Str.",49.43884541,11.03684531,,Parentde:09564:654
de:09564:654:13:9,"Nürnberg, Gustav-Adolf-Str.",49.43887462,11.03694413,,Parentde:09564:654
de:09564:655:0:1,Nürnberg Geisseestr.,49.43490232,11.03839940,,Parentde:09564:655
de:09564:655:0:2,Nürnberg Geisseestr.,49.43456933,11.03789634,,Parentde:09564:655
de:09564:655:0:3,Nürnberg Geisseestr.,49.43421882,11.03859703,,Parentde:09564:655
de:09564:655:0:4,Nürnberg Geisseestr.,49.43436487,11.03875872,,Parentde:09564:655
de:09564:656:0:1,Nürnberg Dieselstr.,49.43090633,11.04009721,,
de:09564:656:0:2,Nürnberg Dieselstr.,49.42994818,11.04136384,,
de:09564:657:0:6,Nürnberg Hohe Marter Nord,49.42999492,11.04416658,,Parentde:09564:657
de:09564:657:0:7,Nürnberg Hohe Marter Nord,49.42957427,11.04429235,,Parentde:09564:657
de:09564:657:0:8,Nürnberg Hohe Marter Nord,49.42978459,11.04520863,,Parentde:09564:657
de:09564:658:0:1,Nürnberg Jaeckelstr.,49.42969111,11.05297906,,
de:09564:658:0:2,Nürnberg Jaeckelstr.,49.43008840,11.05208972,,
de:09564:659:0:1,Nürnberg Industriestr.,49.42907181,11.05717419,,
de:09564:659:0:2,Nürnberg Industriestr.,49.42946326,11.05642859,,
de:09564:660:0:1,Nürnberg Maybachstr.,49.42782733,11.06153102,,
de:09564:660:0:2,Nürnberg Maybachstr.,49.42816036,11.06288747,,
de:09564:660:0:3,Nürnberg Maybachstr.,49.42880889,11.06084830,,
de:09564:662:0:1,Nürnberg Kreutzerstr.,49.43559165,11.04673576,,
de:09564:662:0:2,Nürnberg Kreutzerstr.,49.43569096,11.04683458,,
de:09564:664:0:1,Nürnberg Geisseestr. Mitte,49.43490232,11.04263945,,
de:09564:664:0:2,Nürnberg Geisseestr. Mitte,49.43500163,11.04298081,,
de:09564:701:3:6,Nürnberg Maximilianstr.,49.45598686,11.04164232,,Parentde:09564:701
de:09564:701:3:7,Nürnberg Maximilianstr.,49.45533869,11.04078892,,Parentde:09564:701
de:09564:701:3:8,Nürnberg Maximilianstr.,49.45575912,11.04187588,,Parentde:09564:701
de:09564:704:3:10,Nürnberg Plärrer,49.44847690,11.06497156,,Parentde:09564:704
de:09564:704:3:6 F,Nürnberg Plärrer,49.44840097,11.06461224,,Parentde:09564:704
de:09564:730:13:1,Nürnberg Obere Turnstr.,49.45095309,11.06671430,,Parentde:09564:730
de:09564:730:13:2,Nürnberg Obere Turnstr.,49.45080125,11.06644480,,Parentde:09564:730
de:09564:737:0:1,Nürnberg Dr. Erler Kliniken,49.45316054,11.06737905,,
de:09564:752:0:1,Nürnberg Deutschherrnstr.,49.45407736,11.05704842,,
de:09564:752:0:2,Nürnberg Deutschherrnstr.,49.45422919,11.05688673,,
de:09564:753:0:6,Nürnberg Gostenhof West,49.45111661,11.05573688,,Parentde:09564:753
de:09564:753:0:7,Nürnberg Gostenhof West,49.45093557,11.05557519,,Parentde:09564:753
de:09564:754:0:8,Nürnberg Gostenhof Ost,49.45028149,11.05834200,,
de:09564:754:0:9,Nürnberg Gostenhof Ost,49.44983181,11.05842285,,
de:09564:760:0:1,Nürnberg Westpark,49.44505440,11.03598293,,
de:09564:760:0:2,Nürnberg Westpark,49.44522378,11.03561462,,
de:09564:761:0:1,Nürnberg Frühlingstr.,49.44894411,11.03672853,,
de:09564:761:0:2,Nürnberg Frühlingstr.,49.44913684,11.03645005,,
de:09565:4154:0:1,Nasbach,49.34141976,11.02223871,,
de:09565:4154:0:2,Nasbach,49.34137294,11.02236447,,
de:09565:4155:0:1,Schwabach Ansbacher Str.,49.33764445,11.02130446,,Parentde:09565:4155
de:09565:4155:0:2,Schwabach Ansbacher Str.,49.33777907,11.02152005,,Parentde:09565:4155
de:09565:4156:0:1,Schwabach Nürnberger Str.,49.33401519,11.02106191,,
de:09565:4156:0:2,Schwabach Nürnberger Str.,49.33361713,11.02135836,,
de:09565:4157:0:1,Schwabach Neutorstr.,49.33057886,11.02456534,,
de:09565:4157:0:2,Schwabach Neutorstr.,49.33053788,11.02473602,,
de:09565:4160:0:1,Schwabach Schillerplatz,49.32737062,11.02105293,,Parentde:09565:4160
de:09565:4160:0:2,Schwabach Schillerplatz,49.32748771,11.02099903,,Parentde:09565:4160
de:09565:4183:0:1,Schwabach Schillerstr.,49.32650997,11.02201413,,
de:09565:4190:0:1,Schwabach Ludwigstr.,49.32881084,11.02522111,,
de:09565:4190:0:2,Schwabach Ludwigstr.,49.32886353,11.02601163,,
de:09565:4246:0:1,Dietersdorf Krottenbacher Str.,49.36999739,11.00342798,,
de:09565:4246:0:2,Dietersdorf Krottenbacher Str.,49.36992134,11.00349087,,
de:09565:4247:0:1,Dietersdorf Rosa-Mihalka-Platz,49.36789734,11.00038270,,
de:09565:4247:0:2,Dietersdorf Rosa-Mihalka-Platz,49.36773355,11.00024795,,
de:09565:4248:0:1,Dietersdorf Vorderer Rotenberg,49.36892105,11.00408375,,
de:09565:4250:0:1,Wolkersdorf Mitte,49.36298325,11.02973964,,
de:09565:4250:0:2,Wolkersdorf Mitte,49.36288379,11.02982049,,
de:09565:4251:0:1,Wolkersdorf Nord,49.36704326,11.03041338,,
de:09565:4251:0:2,Wolkersdorf Nord,49.36638807,11.03087152,,
de:09565:4253:0:1,Dietersdorf Heroldsberg,49.36622427,11.00479342,,
de:09565:4253:0:2,Dietersdorf Heroldsberg,49.36634712,11.00456884,,
de:09565:4254:0:1,Wolkersd. Abzw. Baimbach,49.36334012,11.01487252,,
de:09565:4254:0:2,Wolkersd. Abzw. Baimbach,49.36340447,11.01492642,,
de:09565:4255:0:1,Wolkersdorf Schule,49.36176634,11.01551032,,
de:09565:4255:0:2,Wolkersdorf Schule,49.36180145,11.01556422,,
de:09565:4256:0:1,Wolkersdorf Hallerstr.,49.36193601,11.02311906,,
de:09565:4256:0:2,Wolkersdorf Hallerstr.,49.36198867,11.02306516,,
de:09565:4257:0:2,Wolkersdorf Dietersdorfer Str.,49.36298910,11.02889522,,
de:09565:4262:0:1,Wolkersdorf Schleife,49.36293644,11.02963184,,
de:09565:4267:0:1,Wolkersdorfer Berg,49.35777025,11.02488874,,
de:09565:4267:0:2,Wolkersdorfer Berg,49.35816227,11.02526603,,
de:09565:4411:3:4,"Schwabach, Schwabach Bf.",49.32581911,11.03424918,,Parentde:09565:4411
de:09565:4551:0:1,Schwabach Wallenrodstr.,49.32728280,11.02866166,,
de:09565:4551:0:2,Schwabach Wallenrodstr.,49.32738232,11.02868861,,
de:09565:4552:0:1,Schwabach Gutenbergstr.,49.32593035,11.01253690,,
de:09565:4553:0:1,Schwabach Nördlinger S.,49.32565517,11.01769323,,Parentde:09565:4553
de:09565:4553:0:4,Schwabach Nördlinger S.,49.32508140,11.01781001,,Parentde:09565:4553
de:09565:4555:0:1,Schwabach Hindenburgstr.,49.32607087,11.02027140,,
de:09565:4556:0:2,Schwabach Fr.-Ebert-Str.,49.32316680,11.02254413,,
de:09565:4563:0:1,Schwabach Wolfram-von-Eschenbach-Gymnasium,49.31903875,11.02319092,,Parentde:09565:4563
de:09565:4564:0:1,Schwabach Stadtpark,49.32368205,11.02567925,,
de:09565:4564:0:2,Schwabach Stadtpark,49.32306726,11.02668537,,
de:09565:4589:0:1,Schwabach Parkbad,49.32378744,11.03102423,,
de:09565:4589:0:2,Schwabach Parkbad,49.32310825,11.03025168,,
de:09565:4612:0:1,Wolkersdorf Volckamerstr.,49.36060792,11.03404257,,
de:09565:4612:0:2,Wolkersdorf Volckamerstr.,49.36060792,11.03404257,,
de:09565:4613:0:1,Wolkersdorf Wasserschloss,49.36112278,11.02063072,,
de:09565:4613:0:2,Wolkersdorf Wasserschloss,49.36119299,11.02061276,,
de:09565:4615:0:1,Wolkersdorf Hopfenstraße,49.36061377,11.02993727,,
de:09565:4615:0:2,Wolkersdorf Hopfenstraße,49.36067813,11.02995523,,
de:09573:5500:53:3,Zirndorf Bahnhof,49.44315032,10.95828764,,Parentde:09573:5500
de:09573:5500:53:4,Zirndorf Bahnhof,49.44312111,10.95841341,,Parentde:09573:5500
de:09573:5506:0:1,Zirndorf Albert-Einstein-Str.,49.44437104,10.95142451,,
de:09573:5507:0:1,Zirndorf Am Grasweg,49.44240852,10.94931347,,
de:09573:5507:0:2,Zirndorf Am Grasweg,49.44229170,10.94933144,,
de:09573:5509:0:1,Zirndorf Banderbacher Str.,49.44239684,10.94576513,,
de:09573:5510:13:1,Zirndorf Realschule,49.44230922,10.94331273,,
de:09573:5515:0:1,Zirndorf Friedenstr.,49.44378113,10.94740904,,
de:09573:5516:0:2,Zirndorf Hirtenackerstr.,49.43662564,10.96303075,,
de:09573:5517:0:1,Zirndorf Geisleithenstr.,49.44843017,10.94298035,,
de:09573:5518:0:1,Zirndorf Jahnstr.,49.44216320,10.96514179,,
de:09573:5518:0:2,Zirndorf Jahnstr.,49.44197045,10.96551908,,
de:09573:5519:0:1,Zirndorf J.-Wassermann-Str.,49.44037583,10.94224373,,
de:09573:5520:3:1,Zirndorf Kneippallee,49.44986101,10.94495664,,Parentde:09573:5520
de:09573:5525:53:1,Zirndorf Marktplatz,49.44165503,10.95684135,,Parentde:09573:5525
de:09573:5525:53:2,Zirndorf Marktplatz,49.44155573,10.95724560,,Parentde:09573:5525
de:09573:5529:0:1,Zirndorf Kraftstr.,49.44301598,10.96085682,,
de:09573:5529:0:2,Zirndorf Kraftstr.,49.44268304,10.96193480,,
de:09573:5537:0:1,Zirndorf Ost,49.43942954,10.96501602,,
de:09573:5537:0:2,Zirndorf Ost,49.43978586,10.96476449,,
de:09573:5540:0:1,Zirndorf Landratsamt,49.43941786,10.95121790,,
de:09573:5540:0:2,Zirndorf Landratsamt,49.43919005,10.95090349,,
de:09573:5540:0:3,Zirndorf Landratsamt,49.43950548,10.94983449,,
de:09573:5545:0:1,Zirndorf Siedlerstr.,49.44629260,10.94620530,,
de:09573:5545:0:2,Zirndorf Siedlerstr.,49.44732052,10.94935839,,
de:09573:5649:0:2,Oberasbach Gymnasium,49.43353531,10.96240193,,
de:09573:5650:0:1,Altenberg Talstr.,49.43733247,10.96797148,,
de:09573:5650:0:2,Altenberg Talstr.,49.43692356,10.96824996,,
de:09573:5651:0:1,Altenberg West,49.43532877,10.97473579,,
de:09573:5651:0:2,Altenberg West,49.43504252,10.97391833,,
de:09573:5653:0:1,Altenberg Bayreuther Str.,49.43275247,10.97981128,,
de:09573:5653:0:2,Altenberg Bayreuther Str.,49.43165414,10.98004484,,
de:09573:5657:0:1,Kreutles Ost,49.42872126,10.97969449,,Parentde:09573:5657
de:09573:5657:0:2,Kreutles Ost,49.42863362,10.98029637,,Parentde:09573:5657
de:09573:5658:0:1,Kreutles West,49.42891990,10.97381053,,
de:09573:5658:0:2,Kreutles West,49.42850508,10.97395426,,
de:09573:5661:0:1,Oberasbach A.-Dürer-Pl.,49.43081286,10.96122513,,
de:09573:5661:0:2,Oberasbach A.-Dürer-Pl.,49.43052658,10.96063224,,
de:09573:5662:0:1,Oberasbach Fichtelstr.,49.42855766,10.95278995,,
de:09573:5663:0:1,Oberasbach Leipziger Pl.,49.42999492,10.95111010,,
de:09573:5664:0:1,Oberasbach Rathaus,49.43230263,10.96975913,,Parentde:09573:5664
de:09573:5664:0:2,Oberasbach Rathaus,49.43213321,10.96975014,,Parentde:09573:5664
de:09573:5667:0:1,Altenberg Ost,49.43665484,10.97937110,,
de:09573:5667:0:2,Altenberg Ost,49.43659643,10.98042213,,
de:09573:5667:0:3,Altenberg Ost,49.43558581,10.98016162,,
de:09573:5669:0:1,Oberasbach Willy-Brandt-Platz,49.43028704,10.95694915,,
de:09573:5670:0:1,Oberasbach Humboldtstr.,49.42987807,10.95798221,,
de:09574:7201:0:1,Feucht Bahnhof P+R-Platz,49.38307530,11.20348280,,
de:09574:7201:0:2,Feucht Bahnhof P+R-Platz,49.38323319,11.20349178,,
de:09574:7206:0:1,Feucht Am Reichswald,49.38163666,11.21072322,,
de:09574:7820:3:1,Behringersdorf Bahnhof,49.48110708,11.19921580,,Parentde:09574:7820
de:09574:7820:3:2,Behringersdorf Bahnhof,49.48103121,11.19908105,,Parentde:09574:7820
de:09574:7825:0:1,Behringersd. Am Neubruch,49.48424110,11.20187481,,
de:09574:7831:0:1,Malmsbach,49.46991170,11.19032248,,
de:09574:7831:0:2,Malmsbach,49.47004596,11.18990925,,
de:09574:7845:1:1,Schwaig Lortzingstr.,49.47440650,11.20836963,,
de:09574:7845:2:2,Schwaig Lortzingstr.,49.47440067,11.20801031,,
de:09574:7846:0:1,Schwaig Behringersdorfer Str.,49.47296471,11.19889241,,
de:09574:7846:0:2,Schwaig Behringersdorfer Str.,49.47231092,11.19927868,,
de:09574:7848:0:1,Schwaig Max-Reger-Str.,49.47592997,11.21266358,,
de:09574:7850:3:1,Schwaig Am Bahnhof,49.47163962,11.19876664,,Parentde:09574:7850
de:09574:7850:3:2,Schwaig Am Bahnhof,49.47183226,11.19897326,,Parentde:09574:7850
de:09576:8129:0:1,Wendelst. H.-Kudlich-Str.,49.35163214,11.15227883,,
de:09576:8129:0:2,Wendelst. H.-Kudlich-Str.,49.35157947,11.15216205,,
de:09576:8133:0:4,Wendelstein Gymnasium,49.34618385,11.15849517,,Parentde:09576:8133
de:09576:8138:0:1,Wendelstein Grundschule,49.35399034,11.14728419,,
de:09576:8138:0:2,Wendelstein Grundschule,49.35414248,11.14728419,,
de:09576:8140:0:1,Wendelstein Holunderweg,49.34891100,11.13681882,,
de:09576:8140:0:2,Wendelstein Holunderweg,49.34892270,11.13703442,,
de:09576:8142:0:1,Wendelst. In der Gibitzen Nord,49.34950205,11.15915992,,
de:09576:8142:0:2,Wendelst. In der Gibitzen Nord,49.34939087,11.15910602,,
de:09576:8145:0:1,Wendelstein Max-Reger-Weg,49.35017503,11.15698600,,
de:09576:8145:0:2,Wendelstein Max-Reger-Weg,49.35013992,11.15680634,,
de:09576:8151:0:1,Wendelstein Primelweg,49.35044422,11.14096005,,
de:09576:8151:0:2,Wendelstein Primelweg,49.35027451,11.14082531,,
de:09576:8161:0:1,G-Lohe Hinteres Dorf,49.33942385,11.11260024,,
de:09576:8161:0:2,G-Lohe Hinteres Dorf,49.33945312,11.11288770,,
de:09576:8163:0:1,G-Lohe Sperlingstr.,49.34492557,11.12329019,,
de:09576:8163:0:2,G-Lohe Sperlingstr.,49.34482607,11.12333511,,
de:09576:8165:0:1,Großschwarzenlohe Kaufland,49.33420837,11.11406449,,
de:09576:8165:0:2,Großschwarzenlohe Kaufland,49.33448935,11.11416331,,
de:09576:8166:0:1,G-Lohe Parkstr.,49.34318733,11.11888845,,
de:09576:8166:0:2,G-Lohe Parkstr.,49.34326926,11.11924777,,
de:09576:8168:0:1,G-Lohe Schwarzachbrücke,49.34224502,11.11235770,,
de:09576:8168:0:2,G-Lohe Schwarzachbrücke,49.34240890,11.11262719,,
de:09576:8171:0:1,K-Lohe Allerheiligenkirche,49.34478510,11.10970767,,
de:09576:8171:0:2,K-Lohe Allerheiligenkirche,49.34480266,11.10943817,,
de:09576:8173:0:1,Kleinschwarzenlohe Erichmühle,49.34377845,11.10985140,,
de:09576:8173:0:2,Kleinschwarzenlohe Erichmühle,49.34394233,11.10950105,,
de:09576:8175:0:1,K.-Lohe Frankenstr.,49.34878225,11.10686001,,
de:09576:8177:0:1,Kleinschwarzenlohe Sportplatz,49.34497239,11.10551253,,
de:09576:8177:0:2,Kleinschwarzenlohe Sportplatz,49.34517723,11.10571016,,
de:09576:8178:0:1,K.-Lohe Schule,49.34619556,11.10915071,,
de:09576:8180:0:1,Kleinschwarzenlohe Nord,49.34925627,11.10367099,,
de:09576:8193:0:1,Sorg (b. Wendelst.),49.34611947,11.12770990,,
de:09576:8193:0:2,Sorg (b. Wendelst.),49.34616044,11.12868008,,
de:09576:8748:0:1,Schwand/Schwanst. Am Sägerhof,49.30211891,11.12111627,,
de:09576:8748:0:2,Schwand/Schwanst. Am Sägerhof,49.30194904,11.12136780,,
de:09576:8751:73:1,Schwand (Schwanst) Marktpl.,49.29688775,11.12144865,,Parentde:09576:8751
de:09576:8752:0:1,Schwand/Schwanst. Am Forsthaus,49.29998082,11.12132288,,
de:09576:8752:0:2,Schwand/Schwanst. Am Forsthaus,49.29972893,11.12141271,,
de:09576:8755:0:1,Schwand Gemeindezentrum,49.31138484,11.12507784,,
de:09576:8755:0:2,Schwand Gemeindezentrum,49.31140241,11.12497004,,
de:09576:8757:0:1,Schwand (Schwanst) Kath.Kirche,49.30452635,11.11996643,,
de:09576:8757:0:2,Schwand (Schwanst) Kath.Kirche,49.30536980,11.12038863,,
de:09576:8773:0:1,Leerstetten Brunnenstr.,49.31971800,11.12292188,,
de:09576:8773:0:2,Leerstetten Brunnenstr.,49.31976484,11.12322731,,
de:09576:8776:0:1,Leerstetten Hauptstr.,49.32453103,11.12308358,,
de:09576:8776:0:2,Leerstetten Hauptstr.,49.32377573,11.12399088,,
